id	title	description	link	image_link	additional_image_link	availability	price	sale_price	brand	condition	google_product_category	product_type	mpn	gtin	identifier_exists	item_group_id
the-solid-antique-gold-silk-pocket-square	The Solid Antique Gold Silk Pocket Square	The Solid Antique Gold Silk Pocket Square from Threaditionz is a men's silk pocket square in a solid antique-gold satin silk - warm metallic solid. Ideal for weddings, festive events and formal — its clean antique gold tone is easy to match and adds a polished finishing touch without competing with your outfit. Material: 100% Silk · Colour: Antique Gold · Size: 12" x 12"	https://threaditionz.co.uk/product/the-solid-antique-gold-silk-pocket-square	https://cdn.shopify.com/s/files/1/0688/1745/3281/files/13-2_0be68666-8272-41a0-999c-3b9931bfda96.jpg?v=1719830444	https://cdn.shopify.com/s/files/1/0688/1745/3281/files/13-4_4866f852-bd9b-43d0-a052-753af4b2638d.jpg?v=1719830444,https://cdn.shopify.com/s/files/1/0688/1745/3281/files/13-3_b40f1386-a5fe-4124-b3de-af0eccbe969c.jpg?v=1719830444,https://cdn.shopify.com/s/files/1/0688/1745/3281/files/13-1_a97ece34-fc4e-45ab-8f09-cd9e71b6c843.jpg?v=1719830444	in_stock	12.00 GBP		Threaditionz	new	Apparel & Accessories > Clothing Accessories > Handkerchiefs	Pocket Square			no	
the-solid-raisin-silk-pocket-square	The Solid Raisin Silk Pocket Square	The Solid Raisin Silk Pocket Square from Threaditionz is a men's silk pocket square in a solid raisin (espresso-brown) satin silk - deep neutral solid. Ideal for weddings, autumn events and business wear — its clean raisin brown tone is easy to match and adds a polished finishing touch without competing with your outfit. Material: 100% Silk · Colour: Raisin Brown · Size: 12" x 12"	https://threaditionz.co.uk/product/the-solid-raisin-silk-pocket-square	https://cdn.shopify.com/s/files/1/0688/1745/3281/files/6-2_091b052b-1ab7-4b22-b532-0f5e7ee195f1.jpg?v=1719830458	https://cdn.shopify.com/s/files/1/0688/1745/3281/files/6-4_fc583231-400e-44b8-88a9-5ec9f540893b.jpg?v=1719830458,https://cdn.shopify.com/s/files/1/0688/1745/3281/files/6-3_91c521ec-8b1c-4110-b212-f4e875e48995.jpg?v=1719830458,https://cdn.shopify.com/s/files/1/0688/1745/3281/files/6-1_9a791538-0f3f-46e7-bda6-81a0d9cb056c.jpg?v=1719830458	in_stock	12.00 GBP		Threaditionz	new	Apparel & Accessories > Clothing Accessories > Handkerchiefs	Pocket Square			no	
the-solid-navy-blue-silk-pocket-square	The Solid Navy Blue Silk Pocket Square	The Solid Navy Blue Silk Pocket Square from Threaditionz is a men's silk pocket square in a solid deep blue satin silk - essential solid. Ideal for weddings, business wear and black-tie events — its clean navy blue tone is easy to match and adds a polished finishing touch without competing with your outfit. Material: 100% Silk · Colour: Navy Blue · Size: 12" x 12"	https://threaditionz.co.uk/product/the-solid-navy-blue-silk-pocket-square	https://cdn.shopify.com/s/files/1/0688/1745/3281/files/hf_20260530_163726_fa6446d7-37e1-4120-bc00-2ad05da0f2c5.png?v=1780159408	https://cdn.shopify.com/s/files/1/0688/1745/3281/files/4-2_dcd29ca1-e4d2-4136-850e-cef76a1d5019.jpg?v=1719830467,https://cdn.shopify.com/s/files/1/0688/1745/3281/files/4-4_cff35eef-6206-47e6-920f-19a397d6ab43.jpg?v=1719830467,https://cdn.shopify.com/s/files/1/0688/1745/3281/files/4-3_60e0a731-bc60-4cf5-a88a-a5766baa2b52.jpg?v=1719830467,https://cdn.shopify.com/s/files/1/0688/1745/3281/files/4-1_6e4b1082-ee42-4095-9547-aadd84e96f85.jpg?v=1719830467	in_stock	12.00 GBP		Threaditionz	new	Apparel & Accessories > Clothing Accessories > Handkerchiefs	Pocket Square			no	
the-solid-caribbean-green-silk-pocket-square	The Solid Caribbean Green Silk Pocket Square	The Solid Caribbean Green Silk Pocket Square from Threaditionz is a men's silk pocket square in a solid Caribbean-green (teal) satin silk - jewel-tone solid. Ideal for weddings, festive events and formal — its clean caribbean green tone is easy to match and adds a polished finishing touch without competing with your outfit. Material: 100% Silk · Colour: Caribbean Green · Size: 12" x 12"	https://threaditionz.co.uk/product/the-solid-caribbean-green-silk-pocket-square	https://cdn.shopify.com/s/files/1/0688/1745/3281/files/12-2_d74fa1ac-cb75-4f0a-9f15-de293349b3dc.jpg?v=1719830475	https://cdn.shopify.com/s/files/1/0688/1745/3281/files/12-4_f46ef044-a7ad-415e-ab7b-f0877ad4619f.jpg?v=1719830475,https://cdn.shopify.com/s/files/1/0688/1745/3281/files/12-1_e3762fe1-d122-4bde-9d5d-d52fb61b72d6.jpg?v=1719830475,https://cdn.shopify.com/s/files/1/0688/1745/3281/files/12-3_cacf62b6-b5aa-4bc4-ae5e-bbb840c5c00e.jpg?v=1719830475	in_stock	12.00 GBP		Threaditionz	new	Apparel & Accessories > Clothing Accessories > Handkerchiefs	Pocket Square			no	
the-solid-lemon-yellow-silk-pocket-square	The Solid Lemon Yellow Silk Pocket Square	The Solid Lemon Yellow Silk Pocket Square from Threaditionz is a men's silk pocket square in a solid lemon-yellow satin silk - bright solid. Ideal for summer events, weddings and daytime — its clean lemon yellow tone is easy to match and adds a polished finishing touch without competing with your outfit. Material: 100% Silk · Colour: Lemon Yellow · Size: 12" x 12"	https://threaditionz.co.uk/product/the-solid-lemon-yellow-silk-pocket-square	https://cdn.shopify.com/s/files/1/0688/1745/3281/files/14-2_1b80b234-056a-4c0b-9b52-fcb6d52bb032.jpg?v=1719830483	https://cdn.shopify.com/s/files/1/0688/1745/3281/files/14-4_f85f7c87-2a7b-4b30-83c8-48b0445753b9.jpg?v=1719830483,https://cdn.shopify.com/s/files/1/0688/1745/3281/files/14-1_c1830309-6787-481c-9569-08f2f0fb9956.jpg?v=1719830483,https://cdn.shopify.com/s/files/1/0688/1745/3281/files/14-3_4d36213c-d595-4c3a-b3b3-37d175525492.jpg?v=1719830483	in_stock	12.00 GBP		Threaditionz	new	Apparel & Accessories > Clothing Accessories > Handkerchiefs	Pocket Square			no	
the-solid-hot-pink-silk-pocket-square	The Solid Hot Pink Silk Pocket Square	The Solid Hot Pink Silk Pocket Square from Threaditionz is a men's silk pocket square in a solid hot-pink (magenta) satin silk - bold solid. Ideal for weddings, parties and statement looks — its clean hot pink tone is easy to match and adds a polished finishing touch without competing with your outfit. Material: 100% Silk · Colour: Hot Pink · Size: 12" x 12"	https://threaditionz.co.uk/product/the-solid-hot-pink-silk-pocket-square	https://cdn.shopify.com/s/files/1/0688/1745/3281/files/10-2_55c0e367-4c61-4890-b78b-681df620de0d.jpg?v=1719830491	https://cdn.shopify.com/s/files/1/0688/1745/3281/files/10-4_2e5e6496-8439-46fe-bc88-b407cace64a9.jpg?v=1719830491,https://cdn.shopify.com/s/files/1/0688/1745/3281/files/10-1_0c3c812c-8036-4ad1-8a71-f70a003b8cc9.jpg?v=1719830491,https://cdn.shopify.com/s/files/1/0688/1745/3281/files/10-3_4a3daf5d-f813-4df9-a0bb-b19f3347f873.jpg?v=1719830491	in_stock	12.00 GBP		Threaditionz	new	Apparel & Accessories > Clothing Accessories > Handkerchiefs	Pocket Square			no	
the-solid-taffy-pink-silk-pocket-square	The Solid Taffy Pink Silk Pocket Square	The Solid Taffy Pink Silk Pocket Square from Threaditionz is a men's silk pocket square in a solid taffy-pink (orchid) satin silk - soft solid. Ideal for spring/summer weddings, daytime events and formal — its clean taffy pink tone is easy to match and adds a polished finishing touch without competing with your outfit. Material: 100% Silk · Colour: Taffy Pink · Size: 12" x 12"	https://threaditionz.co.uk/product/the-solid-taffy-pink-silk-pocket-square	https://cdn.shopify.com/s/files/1/0688/1745/3281/files/8-2_d8f5cbe8-6a19-4f6c-9e2e-ac86cffc4eab.jpg?v=1719830499	https://cdn.shopify.com/s/files/1/0688/1745/3281/files/8-4.jpg?v=1719830499,https://cdn.shopify.com/s/files/1/0688/1745/3281/files/8-1_63548143-c11f-4a1f-a8ff-316f44ba53ea.jpg?v=1719830499,https://cdn.shopify.com/s/files/1/0688/1745/3281/files/8-3_5d1f2cdd-d656-43c6-a4d7-392f13e2dec5.jpg?v=1719830499	in_stock	12.00 GBP		Threaditionz	new	Apparel & Accessories > Clothing Accessories > Handkerchiefs	Pocket Square			no	
the-solid-vanilla-silk-pocket-square	The Solid Vanilla Silk Pocket Square	The Solid Vanilla Silk Pocket Square from Threaditionz is a men's silk pocket square in a solid vanilla (pale-yellow) satin silk - soft neutral solid. Ideal for weddings, daytime events and formal — its clean vanilla tone is easy to match and adds a polished finishing touch without competing with your outfit. Material: 100% Silk · Colour: Vanilla · Size: 12" x 12"	https://threaditionz.co.uk/product/the-solid-vanilla-silk-pocket-square	https://cdn.shopify.com/s/files/1/0688/1745/3281/files/7-2_e150d941-0a5e-431b-9d02-38ab5db229dc.jpg?v=1719830507	https://cdn.shopify.com/s/files/1/0688/1745/3281/files/7-4_2cb6fdb7-542f-432d-b04d-e32ef64553a3.jpg?v=1719830507,https://cdn.shopify.com/s/files/1/0688/1745/3281/files/7-1_ee14c2a3-1e95-438c-8aac-41280f197062.jpg?v=1719830507,https://cdn.shopify.com/s/files/1/0688/1745/3281/files/7-3_3d08db2c-353e-439e-afdf-d7817c6abf2f.jpg?v=1719830507	in_stock	12.00 GBP		Threaditionz	new	Apparel & Accessories > Clothing Accessories > Handkerchiefs	Pocket Square			no	
the-solid-sage-green-silk-pocket-square	The Solid Sage Green Silk Pocket Square	The Solid Sage Green Silk Pocket Square from Threaditionz is a men's silk pocket square in a solid sage-green satin silk - muted solid. Ideal for weddings, daytime events and formal — its clean sage green tone is easy to match and adds a polished finishing touch without competing with your outfit. Material: 100% Silk · Colour: Sage Green · Size: 12" x 12"	https://threaditionz.co.uk/product/the-solid-sage-green-silk-pocket-square	https://cdn.shopify.com/s/files/1/0688/1745/3281/files/2-2_92c5f742-801f-499f-91c6-4180358141e2.jpg?v=1719830514	https://cdn.shopify.com/s/files/1/0688/1745/3281/files/2-4.jpg?v=1719830514,https://cdn.shopify.com/s/files/1/0688/1745/3281/files/2-1_10f17526-f1e2-49dd-9434-d77aaf0ccc34.jpg?v=1719830514,https://cdn.shopify.com/s/files/1/0688/1745/3281/files/2-3_e66a907b-27d5-4b11-8fee-709e9fa18935.jpg?v=1719830514	in_stock	12.00 GBP		Threaditionz	new	Apparel & Accessories > Clothing Accessories > Handkerchiefs	Pocket Square			no	
the-solid-aquamarine-silk-pocket-square	The Solid Aquamarine Silk Pocket Square	The Solid Aquamarine Silk Pocket Square from Threaditionz is a men's silk pocket square in a solid aquamarine satin silk - fresh pastel solid. Ideal for spring/summer weddings, daytime events and formal — its clean aquamarine tone is easy to match and adds a polished finishing touch without competing with your outfit. Material: 100% Silk · Colour: Aquamarine · Size: 12" x 12"	https://threaditionz.co.uk/product/the-solid-aquamarine-silk-pocket-square	https://cdn.shopify.com/s/files/1/0688/1745/3281/files/1-2_220aef52-33fd-472f-97ae-749dca70a217.jpg?v=1719830523	https://cdn.shopify.com/s/files/1/0688/1745/3281/files/1_bfcd46e6-03e7-4d3c-83b5-370d74bbd61d.jpg?v=1719830523,https://cdn.shopify.com/s/files/1/0688/1745/3281/files/1-3_83e97843-f946-41ca-9b9b-73f3d5be029f.jpg?v=1719830523,https://cdn.shopify.com/s/files/1/0688/1745/3281/files/1-4.jpg?v=1719830523	in_stock	12.00 GBP		Threaditionz	new	Apparel & Accessories > Clothing Accessories > Handkerchiefs	Pocket Square			no	
the-solid-zinc-silk-pocket-square	The Solid Zinc Silk Pocket Square	The Solid Zinc Silk Pocket Square from Threaditionz is a men's silk pocket square in a solid muted-teal (zinc) satin silk - understated solid. Ideal for weddings, business wear and formal — its clean teal zinc tone is easy to match and adds a polished finishing touch without competing with your outfit. Material: 100% Silk · Colour: Teal Zinc · Size: 12" x 12"	https://threaditionz.co.uk/product/the-solid-zinc-silk-pocket-square	https://cdn.shopify.com/s/files/1/0688/1745/3281/files/11-2_9e48be28-9d14-41a3-b452-c3363976102f.jpg?v=1719830531	https://cdn.shopify.com/s/files/1/0688/1745/3281/files/11-4_742e5ade-7a0c-4e62-a588-1d04bd095dbe.jpg?v=1719830531,https://cdn.shopify.com/s/files/1/0688/1745/3281/files/11-3_cf530ce8-1a4d-4b34-8f1e-d037ae113ae1.jpg?v=1719830531,https://cdn.shopify.com/s/files/1/0688/1745/3281/files/11-1_04ab7fa2-2b05-4a89-8d07-c556bb451db4.jpg?v=1719830531	in_stock	12.00 GBP		Threaditionz	new	Apparel & Accessories > Clothing Accessories > Handkerchiefs	Pocket Square			no	
caput-mortuum-dark-silk-scarf-pocket-square-set	Caput Mortuum Dark Silk Scarf & Pocket Square Set	The Caput Mortuum Dark Silk Scarf & Pocket Square Set from Threaditionz is a men's silk scarf & pocket square gift set in deep oxblood silk with a gold damask medallion - dark opulence. Ideal for weddings, evening wear and festive events — the bold oxblood design works as a confident statement piece that lifts a plain suit. Material: 100% Silk · Colour: Oxblood · Size: Scarf 8" x 56" + pocket square 12" x 12"	https://threaditionz.co.uk/product/caput-mortuum-dark-silk-scarf-pocket-square-set	https://cdn.shopify.com/s/files/1/0688/1745/3281/files/caput-mortuum-dark-silk-scarf-pocket-square-set_onbody.png?v=1780233225	https://cdn.shopify.com/s/files/1/0688/1745/3281/files/caput-mortuum-dark-silk-scarf-pocket-square-set_drape.png?v=1780233231,https://cdn.shopify.com/s/files/1/0688/1745/3281/files/48-7_1.jpg?v=1719830569,https://cdn.shopify.com/s/files/1/0688/1745/3281/files/48-5_1_db92d2a5-1b74-4911-9942-88f3c740af94.jpg?v=1719830569,https://cdn.shopify.com/s/files/1/0688/1745/3281/files/48-1_1_8c419869-68d8-4cbb-a526-23d8ffdb27fc.jpg?v=1719830569	in_stock	82.00 GBP	78.00 GBP	Threaditionz	new	Apparel & Accessories > Clothing Accessories > Scarves & Shawls	Pocket Square			no	
caput-mortuum-dark-silk-scarf	Caput Mortuum Dark Silk Scarf	The Caput Mortuum Dark Silk Scarf from Threaditionz is a men's silk scarf in deep oxblood silk with a gold damask medallion - dark opulence. Ideal for weddings, evening wear and festive events — the bold oxblood design works as a confident statement piece that lifts a plain suit. Material: 100% Silk · Colour: Oxblood · Size: 8" x 56"	https://threaditionz.co.uk/product/caput-mortuum-dark-silk-scarf	https://cdn.shopify.com/s/files/1/0688/1745/3281/files/caput-mortuum-dark-silk-scarf_onbody.png?v=1780233241	https://cdn.shopify.com/s/files/1/0688/1745/3281/files/caput-mortuum-dark-silk-scarf_drape.png?v=1780233243,https://cdn.shopify.com/s/files/1/0688/1745/3281/files/48-5_1.jpg?v=1719830574,https://cdn.shopify.com/s/files/1/0688/1745/3281/files/48-1_1.jpg?v=1719830574	in_stock	63.00 GBP		Threaditionz	new	Apparel & Accessories > Clothing Accessories > Scarves & Shawls	Scarf			no	
calligraphic-mosaic-silk-scarf-pocket-square-set	Calligraphic Mosaic Silk Scarf & Pocket Square Set	The Calligraphic Mosaic Silk Scarf & Pocket Square Set from Threaditionz is a men's silk scarf & pocket square gift set in an abstract Arabic-calligraphy art panel in red, teal and cream framed by a mosaic-tile border - artistic heritage. Ideal for statement looks, cultural events and gifting — the bold red & teal design works as a confident statement piece that lifts a plain suit. Material: 100% Silk · Colour: Red & Teal · Size: Scarf 8" x 56" + pocket square 12" x 12"	https://threaditionz.co.uk/product/calligraphic-mosaic-silk-scarf-pocket-square-set	https://cdn.shopify.com/s/files/1/0688/1745/3281/files/calligraphic-mosaic-silk-scarf-pocket-square-set_onbody.png?v=1780233249	https://cdn.shopify.com/s/files/1/0688/1745/3281/files/calligraphic-mosaic-silk-scarf-pocket-square-set_drape.png?v=1780233254,https://cdn.shopify.com/s/files/1/0688/1745/3281/files/40-7_a0dc4fda-7534-4198-a4f8-1ae5019e8980.jpg?v=1719830585,https://cdn.shopify.com/s/files/1/0688/1745/3281/files/40-5_0d5c1542-aaf8-41d7-add6-2cb3130b2a02.jpg?v=1719830585,https://cdn.shopify.com/s/files/1/0688/1745/3281/files/40-1_2_e7d37ad9-efb5-4e7a-a4a8-c5b656b1af00.jpg?v=1719830585	in_stock	87.00 GBP	78.00 GBP	Threaditionz	new	Apparel & Accessories > Clothing Accessories > Scarves & Shawls	Pocket Square			no	
TH240013SC	Calligraphic Mosaic Silk Scarf	The Calligraphic Mosaic Silk Scarf from Threaditionz is a men's silk scarf in an abstract Arabic-calligraphy art panel in red, teal and cream framed by a mosaic-tile border - artistic heritage. Ideal for statement looks, cultural events and gifting — the bold red & teal design works as a confident statement piece that lifts a plain suit. Material: 100% Silk · Colour: Red & Teal · Size: 8" x 56"	https://threaditionz.co.uk/product/calligraphic-mosaic-silk-scarf	https://cdn.shopify.com/s/files/1/0688/1745/3281/files/calligraphic-mosaic-silk-scarf_onbody.png?v=1780233260	https://cdn.shopify.com/s/files/1/0688/1745/3281/files/calligraphic-mosaic-silk-scarf_drape.png?v=1780233266,https://cdn.shopify.com/s/files/1/0688/1745/3281/files/40-5.jpg?v=1719830590,https://cdn.shopify.com/s/files/1/0688/1745/3281/files/40-1_2_9acf57b1-dbe2-4136-9f03-dc74583cdbea.jpg?v=1719830590	in_stock	63.00 GBP		Threaditionz	new	Apparel & Accessories > Clothing Accessories > Scarves & Shawls	Scarf	TH240013SC			
TH240109PS	Calligraphic Mosaic Silk Pocket Square	The Calligraphic Mosaic Silk Pocket Square from Threaditionz is a men's silk pocket square in an abstract Arabic-calligraphy art panel in red, teal and cream framed by a mosaic-tile border - artistic heritage. Ideal for statement looks, cultural events and gifting — the bold red & teal design works as a confident statement piece that lifts a plain suit. Material: 100% Silk · Colour: Red & Teal · Size: 12" x 12"	https://threaditionz.co.uk/product/calligraphic-mosaic-silk-pocket-square	https://cdn.shopify.com/s/files/1/0688/1745/3281/files/40-1_2.jpg?v=1719830600	https://cdn.shopify.com/s/files/1/0688/1745/3281/files/40-2_395c8815-a763-45ec-a777-db261ac0ee97.jpg?v=1719830600,https://cdn.shopify.com/s/files/1/0688/1745/3281/files/40-3.jpg?v=1719830600,https://cdn.shopify.com/s/files/1/0688/1745/3281/files/40-4.jpg?v=1719830600	in_stock	22.00 GBP		Threaditionz	new	Apparel & Accessories > Clothing Accessories > Handkerchiefs	Pocket Square	TH240109PS			
the-dark-vintage-silk-scarf-pocket-square-set	The Dark Vintage Silk Scarf & Pocket Square Set	The Dark Vintage Silk Scarf & Pocket Square Set from Threaditionz is a men's silk scarf & pocket square gift set in charcoal-black silk with a tonal paisley damask - understated formal depth. Ideal for black-tie events, weddings and evening wear — the charcoal pattern adds subtle character while staying refined enough for formal dress. Material: 100% Silk · Colour: Charcoal · Size: Scarf 8" x 56" + pocket square 12" x 12"	https://threaditionz.co.uk/product/the-dark-vintage-silk-scarf-pocket-square-set	https://cdn.shopify.com/s/files/1/0688/1745/3281/files/the-dark-vintage-silk-scarf-pocket-square-set_onbody.png?v=1780233271	https://cdn.shopify.com/s/files/1/0688/1745/3281/files/the-dark-vintage-silk-scarf-pocket-square-set_drape.png?v=1780233276,https://cdn.shopify.com/s/files/1/0688/1745/3281/files/3-9.jpg?v=1719830609,https://cdn.shopify.com/s/files/1/0688/1745/3281/files/3-1_3_72d48b12-7395-44d2-a2d2-741d7316066f.jpg?v=1719830610	in_stock	82.00 GBP	78.00 GBP	Threaditionz	new	Apparel & Accessories > Clothing Accessories > Scarves & Shawls	Pocket Square			no	
four-in-one-cloudy-grey-silk-pocket-square	Four In One Cloudy Grey Silk Pocket Square	The Four In One Cloudy Grey Silk Pocket Square from Threaditionz is a men's silk pocket square in a cloudy-grey silk split into four panels — paisley, polka dot, diagonal stripe and pin-dot - four looks in one. Ideal for weddings, business wear and versatile everyday — the cloudy grey pattern adds subtle character while staying refined enough for formal dress. Material: 100% Silk · Colour: Cloudy Grey · Size: 12" x 12"	https://threaditionz.co.uk/product/four-in-one-cloudy-grey-silk-pocket-square	https://cdn.shopify.com/s/files/1/0688/1745/3281/files/53-1_1.jpg?v=1719830758	https://cdn.shopify.com/s/files/1/0688/1745/3281/files/53-2_5db53dd7-5d0f-487f-84fe-42959d945a6f.jpg?v=1719830758,https://cdn.shopify.com/s/files/1/0688/1745/3281/files/53-4.jpg?v=1719830758,https://cdn.shopify.com/s/files/1/0688/1745/3281/files/53-3.jpg?v=1719830758	in_stock	22.00 GBP		Threaditionz	new	Apparel & Accessories > Clothing Accessories > Handkerchiefs	Pocket Square			no	
the-solid-orange-silk-pocket-square	The Solid Orange Silk Pocket Square	The Solid Orange Silk Pocket Square from Threaditionz is a men's silk pocket square in a solid burnt-orange satin silk - warm solid. Ideal for weddings, festive events and autumn looks — its clean burnt orange tone is easy to match and adds a polished finishing touch without competing with your outfit. Material: 100% Silk · Colour: Burnt Orange · Size: 12" x 12"	https://threaditionz.co.uk/product/the-solid-orange-silk-pocket-square	https://cdn.shopify.com/s/files/1/0688/1745/3281/files/9-2_c02b5447-b8ec-4947-bfee-05be6db5bc82.jpg?v=1719830803	https://cdn.shopify.com/s/files/1/0688/1745/3281/files/9-3_80cb7b13-8731-45c9-8eda-bf0dc0670125.jpg?v=1719830803,https://cdn.shopify.com/s/files/1/0688/1745/3281/files/9-1_03003fd5-d28b-46d5-ae26-2977517f56d0.jpg?v=1719830803,https://cdn.shopify.com/s/files/1/0688/1745/3281/files/9-4.jpg?v=1719830803	in_stock	12.00 GBP		Threaditionz	new	Apparel & Accessories > Clothing Accessories > Handkerchiefs	Pocket Square			no	
the-solid-purple-silk-pocket-square	The Solid Purple Silk Pocket Square	The Solid Purple Silk Pocket Square from Threaditionz is a men's silk pocket square in a solid purple satin silk - regal solid. Ideal for weddings, formal events and evening wear — its clean purple tone is easy to match and adds a polished finishing touch without competing with your outfit. Material: 100% Silk · Colour: Purple · Size: 12" x 12"	https://threaditionz.co.uk/product/the-solid-purple-silk-pocket-square	https://cdn.shopify.com/s/files/1/0688/1745/3281/files/5-2_77e52016-bfc9-4935-9e00-2c74fc1e2661.jpg?v=1719830813	https://cdn.shopify.com/s/files/1/0688/1745/3281/files/5-4_cc2ab0d0-e8ff-4056-a63d-bde46a2a8740.jpg?v=1719830813,https://cdn.shopify.com/s/files/1/0688/1745/3281/files/5-1_974f5143-5a58-4337-9022-98bad091ecce.jpg?v=1719830813,https://cdn.shopify.com/s/files/1/0688/1745/3281/files/5-3_fba22a56-bd1d-46b2-9472-16eea9407993.jpg?v=1719830813	in_stock	12.00 GBP		Threaditionz	new	Apparel & Accessories > Clothing Accessories > Handkerchiefs	Pocket Square			no	
the-solid-reddish-maroon-silk-pocket-square	The Solid Reddish Maroon Silk Pocket Square	The Solid Reddish Maroon Silk Pocket Square from Threaditionz is a men's silk pocket square in a solid maroon-red satin silk - rich solid. Ideal for weddings, festive events and formal — its clean maroon red tone is easy to match and adds a polished finishing touch without competing with your outfit. Material: 100% Silk · Colour: Maroon Red · Size: 12" x 12"	https://threaditionz.co.uk/product/the-solid-reddish-maroon-silk-pocket-square	https://cdn.shopify.com/s/files/1/0688/1745/3281/files/52-2.jpg?v=1719831124	https://cdn.shopify.com/s/files/1/0688/1745/3281/files/52-4.jpg?v=1719831124,https://cdn.shopify.com/s/files/1/0688/1745/3281/files/52-1.jpg?v=1719831124,https://cdn.shopify.com/s/files/1/0688/1745/3281/files/52-3_1.jpg?v=1719831124	in_stock	12.00 GBP		Threaditionz	new	Apparel & Accessories > Clothing Accessories > Handkerchiefs	Pocket Square			no	
huroof-silk-scarf-pocket-square-set	Huroof Silk Scarf & Pocket Square Set	The Huroof Silk Scarf & Pocket Square Set from Threaditionz is a men's silk scarf & pocket square gift set in cream silk centred with Arabic huroof letterforms inside a blue-and-orange tile-mosaic border - calligraphic heritage. Ideal for statement looks, cultural events and gifting — the bold cream design works as a confident statement piece that lifts a plain suit. Material: 100% Silk · Colour: Cream · Size: Scarf 8" x 56" + pocket square 12" x 12"	https://threaditionz.co.uk/product/huroof-silk-scarf-pocket-square-set	https://cdn.shopify.com/s/files/1/0688/1745/3281/files/huroof-silk-scarf-pocket-square-set_onbody.png?v=1780233282	https://cdn.shopify.com/s/files/1/0688/1745/3281/files/huroof-silk-scarf-pocket-square-set_drape.png?v=1780233288,https://cdn.shopify.com/s/files/1/0688/1745/3281/files/37-7.jpg?v=1719831135,https://cdn.shopify.com/s/files/1/0688/1745/3281/files/37-5_e4866cee-ea83-4c6c-af07-d81f2b370e49.jpg?v=1719831135,https://cdn.shopify.com/s/files/1/0688/1745/3281/files/37-1_2a04736b-48b1-4dfe-8138-3a887d071b9f.jpg?v=1719831135	in_stock	87.00 GBP	78.00 GBP	Threaditionz	new	Apparel & Accessories > Clothing Accessories > Scarves & Shawls	Pocket Square			no	
TH240004SC	Huroof Silk Scarf	The Huroof Silk Scarf from Threaditionz is a men's silk scarf in cream silk centred with Arabic huroof letterforms inside a blue-and-orange tile-mosaic border - calligraphic heritage. Ideal for statement looks, cultural events and gifting — the bold cream design works as a confident statement piece that lifts a plain suit. Material: 100% Silk · Colour: Cream · Size: 8" x 56"	https://threaditionz.co.uk/product/huroof-silk-scarf	https://cdn.shopify.com/s/files/1/0688/1745/3281/files/huroof-silk-scarf_onbody.png?v=1780233294	https://cdn.shopify.com/s/files/1/0688/1745/3281/files/huroof-silk-scarf_drape.png?v=1780233300,https://cdn.shopify.com/s/files/1/0688/1745/3281/files/37-5_5342c791-e79d-47d6-ae03-069da6c76496.jpg?v=1719831139,https://cdn.shopify.com/s/files/1/0688/1745/3281/files/37-1_719b3bb8-44ab-4e05-9f6e-538e29713259.jpg?v=1719831139	in_stock	78.00 GBP		Threaditionz	new	Apparel & Accessories > Clothing Accessories > Scarves & Shawls	Scarf	TH240004SC			
TH240001PS	Huroof Silk Pocket Square	The Huroof Silk Pocket Square from Threaditionz is a men's silk pocket square in cream silk centred with Arabic huroof letterforms inside a blue-and-orange tile-mosaic border - calligraphic heritage. Ideal for statement looks, cultural events and gifting — the bold cream design works as a confident statement piece that lifts a plain suit. Material: 100% Silk · Colour: Cream · Size: 12" x 12"	https://threaditionz.co.uk/product/huroof-silk-pocket-square	https://cdn.shopify.com/s/files/1/0688/1745/3281/files/37-1_5fe3df98-3c68-4d41-b0ad-c414025aeb1f.jpg?v=1719831148	https://cdn.shopify.com/s/files/1/0688/1745/3281/files/37-2_3b3ce468-1719-46cd-ae81-6f87db025544.jpg?v=1719831148,https://cdn.shopify.com/s/files/1/0688/1745/3281/files/37-3_e3a71bf2-b0b2-40c3-93b9-6806cdc0c775.jpg?v=1719831148,https://cdn.shopify.com/s/files/1/0688/1745/3281/files/37-4_448f994d-db82-4a5f-ae73-c934e42bad7b.jpg?v=1719831148	in_stock	22.00 GBP		Threaditionz	new	Apparel & Accessories > Clothing Accessories > Handkerchiefs	Pocket Square	TH240001PS			
diwan-e-ghalib-silk-scarf-pocket-square-set	Diwan-E-Ghalib Silk Scarf & Pocket Square Set	The Diwan-E-Ghalib Silk Scarf & Pocket Square Set from Threaditionz is a men's silk scarf & pocket square gift set in black silk inscribed with multicolour Urdu calligraphy of Ghalib's poetry inside a floral border - literary art. Ideal for statement looks, cultural events and gifting — the bold black multi design works as a confident statement piece that lifts a plain suit. Material: 100% Silk · Colour: Black Multi · Size: Scarf 8" x 56" + pocket square 12" x 12"	https://threaditionz.co.uk/product/diwan-e-ghalib-silk-scarf-pocket-square-set	https://cdn.shopify.com/s/files/1/0688/1745/3281/files/diwan-e-ghalib-silk-scarf-pocket-square-set_onbody.png?v=1780233309	https://cdn.shopify.com/s/files/1/0688/1745/3281/files/diwan-e-ghalib-silk-scarf-pocket-square-set_drape.png?v=1780233312,https://cdn.shopify.com/s/files/1/0688/1745/3281/files/39-7.jpg?v=1719831158,https://cdn.shopify.com/s/files/1/0688/1745/3281/files/gulabscarf_d733e8c1-479c-49c9-a29d-7cc0cbf0071d.jpg?v=1719831158,https://cdn.shopify.com/s/files/1/0688/1745/3281/files/39-1_26d3d079-284a-440b-a97f-44b8353e949b.jpg?v=1719831158	in_stock	87.00 GBP	78.00 GBP	Threaditionz	new	Apparel & Accessories > Clothing Accessories > Scarves & Shawls	Pocket Square			no	
TH240002PS	Diwan-E-Ghalib Silk Pocket Square	The Diwan-E-Ghalib Silk Pocket Square from Threaditionz is a men's silk pocket square in black silk inscribed with multicolour Urdu calligraphy of Ghalib's poetry inside a floral border - literary art. Ideal for statement looks, cultural events and gifting — the bold black multi design works as a confident statement piece that lifts a plain suit. Material: 100% Silk · Colour: Black Multi · Size: 12" x 12"	https://threaditionz.co.uk/product/diwan-e-ghalib-silk-pocket-square	https://cdn.shopify.com/s/files/1/0688/1745/3281/files/39-1_d7c4d5d6-70a4-40fe-97b1-37da3c8e507a.jpg?v=1719831172	https://cdn.shopify.com/s/files/1/0688/1745/3281/files/39-2_69825eff-22b8-48f2-8dee-f52b9607bbc7.jpg?v=1719831172,https://cdn.shopify.com/s/files/1/0688/1745/3281/files/39-3_097f3ba5-1fc8-481d-8882-bded114beecf.jpg?v=1719831172,https://cdn.shopify.com/s/files/1/0688/1745/3281/files/39-4.jpg?v=1719831172	in_stock	22.00 GBP		Threaditionz	new	Apparel & Accessories > Clothing Accessories > Handkerchiefs	Pocket Square	TH240002PS			
gulmohar-silk-scarf-pocket-square-set	Gulmohar Silk Scarf & Pocket Square Set	The Gulmohar Silk Scarf & Pocket Square Set from Threaditionz is a men's silk scarf & pocket square gift set in dark-teal silk with a red Gulmohar floral and gold scrollwork inside a calligraphy border - festive floral luxury. Ideal for weddings, festive events and statement looks — the bold dark teal design works as a confident statement piece that lifts a plain suit. Material: 100% Silk · Colour: Dark Teal · Size: Scarf 8" x 56" + pocket square 12" x 12"	https://threaditionz.co.uk/product/gulmohar-silk-scarf-pocket-square-set	https://cdn.shopify.com/s/files/1/0688/1745/3281/files/gulmohar-silk-scarf-pocket-square-set_onbody.png?v=1780233319	https://cdn.shopify.com/s/files/1/0688/1745/3281/files/gulmohar-silk-scarf-pocket-square-set_drape.png?v=1780233324,https://cdn.shopify.com/s/files/1/0688/1745/3281/files/gulmohar-silk-scarf-_-pocket-square-set.jpg?v=1719831189,https://cdn.shopify.com/s/files/1/0688/1745/3281/files/gulmohar-silk-scarf.jpg?v=1719831189,https://cdn.shopify.com/s/files/1/0688/1745/3281/files/gulmohar-silk-pocket-square01_9eafb8db-c91c-42fa-8d3c-abce708763f6.jpg?v=1719831189	in_stock	87.00 GBP	78.00 GBP	Threaditionz	new	Apparel & Accessories > Clothing Accessories > Scarves & Shawls	Pocket Square			no	
TH240006SC	Gulmohar Silk Scarf	The Gulmohar Silk Scarf from Threaditionz is a men's silk scarf in dark-teal silk with a red Gulmohar floral and gold scrollwork inside a calligraphy border - festive floral luxury. Ideal for weddings, festive events and statement looks — the bold dark teal design works as a confident statement piece that lifts a plain suit. Material: 100% Silk · Colour: Dark Teal · Size: 8" x 56"	https://threaditionz.co.uk/product/gulmohar-silk-scarf	https://cdn.shopify.com/s/files/1/0688/1745/3281/files/gulmohar-silk-scarf_onbody.png?v=1780233330	https://cdn.shopify.com/s/files/1/0688/1745/3281/files/gulmohar-silk-scarf_drape.png?v=1780233336,https://cdn.shopify.com/s/files/1/0688/1745/3281/files/38-5_b54b358c-728a-41e7-9b3a-8600adb3b0d1.jpg?v=1719831194,https://cdn.shopify.com/s/files/1/0688/1745/3281/files/gulmohar-silk-pocket-square01_377c22ee-0946-4834-8afa-9a1eb869e2f7.jpg?v=1719831194	in_stock	63.00 GBP		Threaditionz	new	Apparel & Accessories > Clothing Accessories > Scarves & Shawls	Scarf	TH240006SC			
TH240003PS	Gulmohar Silk Pocket Square	The Gulmohar Silk Pocket Square from Threaditionz is a men's silk pocket square in dark-teal silk with a red Gulmohar floral and gold scrollwork inside a calligraphy border - festive floral luxury. Ideal for weddings, festive events and statement looks — the bold dark teal design works as a confident statement piece that lifts a plain suit. Material: 100% Silk · Colour: Dark Teal · Size: 12" x 12"	https://threaditionz.co.uk/product/gulmohar-silk-pocket-square	https://cdn.shopify.com/s/files/1/0688/1745/3281/files/gulmohar-silk-pocket-square01_cb78ea43-4c0c-49ad-b52a-f9d05d2a6c10.jpg?v=1719831202	https://cdn.shopify.com/s/files/1/0688/1745/3281/files/gulmohar-silk-pocket-square02.jpg?v=1719831202,https://cdn.shopify.com/s/files/1/0688/1745/3281/files/gulmohar-silk-pocket-square03.jpg?v=1719831202,https://cdn.shopify.com/s/files/1/0688/1745/3281/files/gulmohar-silk-pocket-square04.jpg?v=1719831202	in_stock	22.00 GBP		Threaditionz	new	Apparel & Accessories > Clothing Accessories > Handkerchiefs	Pocket Square	TH240003PS			
TH240022PS	Caput Mortuum Dark Silk Pocket Square	The Caput Mortuum Dark Silk Pocket Square from Threaditionz is a men's silk pocket square in deep oxblood silk with a gold damask medallion - dark opulence. Ideal for weddings, evening wear and festive events — the bold oxblood design works as a confident statement piece that lifts a plain suit. Material: 100% Silk · Colour: Oxblood · Size: 12" x 12"	https://threaditionz.co.uk/product/caput-mortuum-dark-silk-pocket-square	https://cdn.shopify.com/s/files/1/0688/1745/3281/files/48-1.jpg?v=1719831210	https://cdn.shopify.com/s/files/1/0688/1745/3281/files/48-2.jpg?v=1719831210,https://cdn.shopify.com/s/files/1/0688/1745/3281/files/48-3.jpg?v=1719831210,https://cdn.shopify.com/s/files/1/0688/1745/3281/files/48-4.jpg?v=1719831210	in_stock	17.00 GBP		Threaditionz	new	Apparel & Accessories > Clothing Accessories > Handkerchiefs	Pocket Square	TH240022PS			
the-umber-brown-plaid-silk-scarf-pocket-square-set	The Umber Brown Plaid Silk Scarf & Pocket Square Set	The Umber Brown Plaid Silk Scarf & Pocket Square Set from Threaditionz is a men's silk scarf & pocket square gift set in umber-brown and grey plaid check - warm heritage check. Ideal for smart-casual, autumn/winter and daytime events — the bold umber brown design works as a confident statement piece that lifts a plain suit. Material: 100% Silk · Colour: Umber Brown · Size: Scarf 8" x 56" + pocket square 12" x 12"	https://threaditionz.co.uk/product/the-umber-brown-plaid-silk-scarf-pocket-square-set	https://cdn.shopify.com/s/files/1/0688/1745/3281/files/the-umber-brown-plaid-silk-scarf-pocket-square-set_onbody.png?v=1780233342	https://cdn.shopify.com/s/files/1/0688/1745/3281/files/the-umber-brown-plaid-silk-scarf-pocket-square-set_drape.png?v=1780233348,https://cdn.shopify.com/s/files/1/0688/1745/3281/files/43-7.jpg?v=1719831221,https://cdn.shopify.com/s/files/1/0688/1745/3281/files/43-5_5452cc4d-43a4-421b-96c6-b024b7df8b87.jpg?v=1719831221,https://cdn.shopify.com/s/files/1/0688/1745/3281/files/43-1_6dfa4b02-2487-462f-b297-86d5c8c19a14.jpg?v=1719831221	in_stock	82.00 GBP	78.00 GBP	Threaditionz	new	Apparel & Accessories > Clothing Accessories > Scarves & Shawls	Pocket Square			no	
TH240007SC	The Umber Brown Plaid Silk Scarf	The Umber Brown Plaid Silk Scarf from Threaditionz is a men's silk scarf in umber-brown and grey plaid check - warm heritage check. Ideal for smart-casual, autumn/winter and daytime events — the bold umber brown design works as a confident statement piece that lifts a plain suit. Material: 100% Silk · Colour: Umber Brown · Size: 8" x 56"	https://threaditionz.co.uk/product/the-umber-brown-plaid-silk-scarf	https://cdn.shopify.com/s/files/1/0688/1745/3281/files/the-umber-brown-plaid-silk-scarf_onbody.png?v=1780233354	https://cdn.shopify.com/s/files/1/0688/1745/3281/files/the-umber-brown-plaid-silk-scarf_drape.png?v=1780233360,https://cdn.shopify.com/s/files/1/0688/1745/3281/files/43-5.jpg?v=1719831226,https://cdn.shopify.com/s/files/1/0688/1745/3281/files/43-1_da76a325-501d-4b62-ace3-a2ea6620ed52.jpg?v=1719831226	in_stock	63.00 GBP		Threaditionz	new	Apparel & Accessories > Clothing Accessories > Scarves & Shawls	Scarf	TH240007SC			
the-umber-brown-plaid-silk-pocket-square	The Umber Brown Plaid Silk Pocket Square	The Umber Brown Plaid Silk Pocket Square from Threaditionz is a men's silk pocket square in umber-brown and grey plaid check - warm heritage check. Ideal for smart-casual, autumn/winter and daytime events — the bold umber brown design works as a confident statement piece that lifts a plain suit. Material: 100% Silk · Colour: Umber Brown · Size: 12" x 12"	https://threaditionz.co.uk/product/the-umber-brown-plaid-silk-pocket-square	https://cdn.shopify.com/s/files/1/0688/1745/3281/files/43-1.jpg?v=1719831234	https://cdn.shopify.com/s/files/1/0688/1745/3281/files/43-2.jpg?v=1719831234,https://cdn.shopify.com/s/files/1/0688/1745/3281/files/43-3.jpg?v=1719831234,https://cdn.shopify.com/s/files/1/0688/1745/3281/files/43-4.jpg?v=1719831234	in_stock	18.00 GBP		Threaditionz	new	Apparel & Accessories > Clothing Accessories > Handkerchiefs	Pocket Square			no	
the-blue-plaid-silk-scarf-pocket-square-set	The Blue Plaid Silk Scarf & Pocket Square Set	The Blue Plaid Silk Scarf & Pocket Square Set from Threaditionz is a men's silk scarf & pocket square gift set in royal-blue and black plaid check - smart heritage check. Ideal for smart-casual, autumn/winter and daytime events — the bold royal blue design works as a confident statement piece that lifts a plain suit. Material: 100% Silk · Colour: Royal Blue · Size: Scarf 8" x 56" + pocket square 12" x 12"	https://threaditionz.co.uk/product/the-blue-plaid-silk-scarf-pocket-square-set	https://cdn.shopify.com/s/files/1/0688/1745/3281/files/the-blue-plaid-silk-scarf-pocket-square-set_onbody.png?v=1780233366	https://cdn.shopify.com/s/files/1/0688/1745/3281/files/the-blue-plaid-silk-scarf-pocket-square-set_drape.png?v=1780233372,https://cdn.shopify.com/s/files/1/0688/1745/3281/files/42-7.jpg?v=1719831244,https://cdn.shopify.com/s/files/1/0688/1745/3281/files/42-5_1235d86c-92b4-4d2b-8dd9-c78a2dde4d4e.jpg?v=1719831244,https://cdn.shopify.com/s/files/1/0688/1745/3281/files/42-4_34d44ce9-33ab-4aec-bf44-59ff9430ef15.jpg?v=1719831244	in_stock	87.00 GBP	78.00 GBP	Threaditionz	new	Apparel & Accessories > Clothing Accessories > Scarves & Shawls	Pocket Square			no	
TH240018PS	The Blue Plaid Silk Pocket Square	The Blue Plaid Silk Pocket Square from Threaditionz is a men's silk pocket square in royal-blue and black plaid check - smart heritage check. Ideal for smart-casual, autumn/winter and daytime events — the bold royal blue design works as a confident statement piece that lifts a plain suit. Material: 100% Silk · Colour: Royal Blue · Size: 12" x 12"	https://threaditionz.co.uk/product/the-blue-plaid-silk-pocket-square	https://cdn.shopify.com/s/files/1/0688/1745/3281/files/42-4.jpg?v=1719831256	https://cdn.shopify.com/s/files/1/0688/1745/3281/files/42-2_66d2e958-b326-479a-9816-77b387a09abc.jpg?v=1719831256,https://cdn.shopify.com/s/files/1/0688/1745/3281/files/42-3_daa35e67-139e-4679-bc72-25fbfdba2c44.jpg?v=1719831256,https://cdn.shopify.com/s/files/1/0688/1745/3281/files/42-1_0e3fd0c9-01d5-4948-bedb-071353ace1cf.jpg?v=1719831256	in_stock	17.00 GBP		Threaditionz	new	Apparel & Accessories > Clothing Accessories > Handkerchiefs	Pocket Square	TH240018PS			
the-yellow-classic-plaid-silk-scarf-pocket-square-set	The Yellow Classic Plaid Silk Scarf & Pocket Square Set	The Yellow Classic Plaid Silk Scarf & Pocket Square Set from Threaditionz is a men's silk scarf & pocket square gift set in yellow-and-black classic plaid check - bold heritage check. Ideal for smart-casual, parties and daytime events — the bold yellow & black design works as a confident statement piece that lifts a plain suit. Material: 100% Silk · Colour: Yellow & Black · Size: Scarf 8" x 56" + pocket square 12" x 12"	https://threaditionz.co.uk/product/the-yellow-classic-plaid-silk-scarf-pocket-square-set	https://cdn.shopify.com/s/files/1/0688/1745/3281/files/the-yellow-classic-plaid-silk-scarf-pocket-square-set_onbody.png?v=1780233379	https://cdn.shopify.com/s/files/1/0688/1745/3281/files/the-yellow-classic-plaid-silk-scarf-pocket-square-set_drape.png?v=1780233384,https://cdn.shopify.com/s/files/1/0688/1745/3281/files/45-7.jpg?v=1719831267,https://cdn.shopify.com/s/files/1/0688/1745/3281/files/45-5_3c594b92-bfb3-4292-a7b6-26e6e97196e6.jpg?v=1719831267,https://cdn.shopify.com/s/files/1/0688/1745/3281/files/45-1_d5f764ab-d1f4-4d62-a699-3f22642c8c15.jpg?v=1719831267	in_stock	82.00 GBP	78.00 GBP	Threaditionz	new	Apparel & Accessories > Clothing Accessories > Scarves & Shawls	Pocket Square			no	
TH240008SC	The Yellow Classic Plaid Silk Scarf	The Yellow Classic Plaid Silk Scarf from Threaditionz is a men's silk scarf in yellow-and-black classic plaid check - bold heritage check. Ideal for smart-casual, parties and daytime events — the bold yellow & black design works as a confident statement piece that lifts a plain suit. Material: 100% Silk · Colour: Yellow & Black · Size: 8" x 56"	https://threaditionz.co.uk/product/the-yellow-classic-plaid-silk-scarf	https://cdn.shopify.com/s/files/1/0688/1745/3281/files/the-yellow-classic-plaid-silk-scarf_onbody.png?v=1780233390	https://cdn.shopify.com/s/files/1/0688/1745/3281/files/the-yellow-classic-plaid-silk-scarf_drape.png?v=1780233396,https://cdn.shopify.com/s/files/1/0688/1745/3281/files/45-5.jpg?v=1719831272,https://cdn.shopify.com/s/files/1/0688/1745/3281/files/45-1_470498f5-a273-4434-a48d-c899206f6dad.jpg?v=1719831272	in_stock	63.00 GBP		Threaditionz	new	Apparel & Accessories > Clothing Accessories > Scarves & Shawls	Scarf	TH240008SC			
TH240019PS	The Yellow Classic Plaid Silk Pocket Square	The Yellow Classic Plaid Silk Pocket Square from Threaditionz is a men's silk pocket square in yellow-and-black classic plaid check - bold heritage check. Ideal for smart-casual, parties and daytime events — the bold yellow & black design works as a confident statement piece that lifts a plain suit. Material: 100% Silk · Colour: Yellow & Black · Size: 12" x 12"	https://threaditionz.co.uk/product/the-yellow-classic-plaid-silk-pocket-square	https://cdn.shopify.com/s/files/1/0688/1745/3281/files/45-1.jpg?v=1719831286	https://cdn.shopify.com/s/files/1/0688/1745/3281/files/45-2.jpg?v=1719831286,https://cdn.shopify.com/s/files/1/0688/1745/3281/files/45-3.jpg?v=1719831286,https://cdn.shopify.com/s/files/1/0688/1745/3281/files/45-4.jpg?v=1719831286	in_stock	18.00 GBP		Threaditionz	new	Apparel & Accessories > Clothing Accessories > Handkerchiefs	Pocket Square	TH240019PS			
the-maroon-classic-plaid-silk-scarf-pocket-square-set	The Maroon Classic Plaid Silk Scarf & Pocket Square Set	The Maroon Classic Plaid Silk Scarf & Pocket Square Set from Threaditionz is a men's silk scarf & pocket square gift set in maroon-and-black classic tartan plaid - cosy heritage check. Ideal for smart-casual, autumn/winter and festive looks — the bold maroon & black design works as a confident statement piece that lifts a plain suit. Material: 100% Silk · Colour: Maroon & Black · Size: Scarf 8" x 56" + pocket square 12" x 12"	https://threaditionz.co.uk/product/the-maroon-classic-plaid-silk-scarf-pocket-square-set	https://cdn.shopify.com/s/files/1/0688/1745/3281/files/the-maroon-classic-plaid-silk-scarf-pocket-square-set_onbody.png?v=1780233402	https://cdn.shopify.com/s/files/1/0688/1745/3281/files/the-maroon-classic-plaid-silk-scarf-pocket-square-set_drape.png?v=1780233407,https://cdn.shopify.com/s/files/1/0688/1745/3281/files/44-7.jpg?v=1719831297,https://cdn.shopify.com/s/files/1/0688/1745/3281/files/44-5_c8a920b4-325a-48c4-a92b-5cd468b49a96.jpg?v=1719831297,https://cdn.shopify.com/s/files/1/0688/1745/3281/files/44-1_27a844d9-3501-4948-a3fb-ec113cca05ab.jpg?v=1719831297	in_stock	87.00 GBP	78.00 GBP	Threaditionz	new	Apparel & Accessories > Clothing Accessories > Scarves & Shawls	Pocket Square			no	
TH240009SC	The Maroon Classic Plaid Silk Scarf	The Maroon Classic Plaid Silk Scarf from Threaditionz is a men's silk scarf in maroon-and-black classic tartan plaid - cosy heritage check. Ideal for smart-casual, autumn/winter and festive looks — the bold maroon & black design works as a confident statement piece that lifts a plain suit. Material: 100% Silk · Colour: Maroon & Black · Size: 8" x 56"	https://threaditionz.co.uk/product/the-maroon-classic-plaid-silk-scarf	https://cdn.shopify.com/s/files/1/0688/1745/3281/files/the-maroon-classic-plaid-silk-scarf_onbody.png?v=1780233414	https://cdn.shopify.com/s/files/1/0688/1745/3281/files/the-maroon-classic-plaid-silk-scarf_drape.png?v=1780233420,https://cdn.shopify.com/s/files/1/0688/1745/3281/files/44-5.jpg?v=1719831302,https://cdn.shopify.com/s/files/1/0688/1745/3281/files/44-1_671c955e-fc5a-4a87-bca3-287bf72de0fe.jpg?v=1719831302	in_stock	63.00 GBP		Threaditionz	new	Apparel & Accessories > Clothing Accessories > Scarves & Shawls	Scarf	TH240009SC			
TH240020PS	The Maroon Classic Plaid Silk Pocket Square	The Maroon Classic Plaid Silk Pocket Square from Threaditionz is a men's silk pocket square in maroon-and-black classic tartan plaid - cosy heritage check. Ideal for smart-casual, autumn/winter and festive looks — the bold maroon & black design works as a confident statement piece that lifts a plain suit. Material: 100% Silk · Colour: Maroon & Black · Size: 12" x 12"	https://threaditionz.co.uk/product/the-maroon-classic-plaid-silk-pocket-square	https://cdn.shopify.com/s/files/1/0688/1745/3281/files/44-1.jpg?v=1719831309	https://cdn.shopify.com/s/files/1/0688/1745/3281/files/44-2.jpg?v=1719831309,https://cdn.shopify.com/s/files/1/0688/1745/3281/files/44-3.jpg?v=1719831309,https://cdn.shopify.com/s/files/1/0688/1745/3281/files/44-4.jpg?v=1719831309	in_stock	17.00 GBP		Threaditionz	new	Apparel & Accessories > Clothing Accessories > Handkerchiefs	Pocket Square	TH240020PS			
TH240003CR	The Red Classic Plaid Silk Cravat	The Red Classic Plaid Silk Cravat from Threaditionz is a men's silk cravat in red-and-black classic tartan plaid - cosy heritage check. Ideal for smart-casual, autumn/winter and festive looks — the bold red & black design works as a confident statement piece that lifts a plain suit. Material: 100% Silk · Colour: Red & Black · Size: 6" x 48" (one size, self-tie)	https://threaditionz.co.uk/product/the-red-classic-plaid-silk-cravat	https://cdn.shopify.com/s/files/1/0688/1745/3281/files/the-red-classic-plaid-silk-cravat_onbody.png?v=1780233426	https://cdn.shopify.com/s/files/1/0688/1745/3281/files/the-red-classic-plaid-silk-cravat_drape.png?v=1780233432,https://cdn.shopify.com/s/files/1/0688/1745/3281/files/41-9.jpg?v=1719831342,https://cdn.shopify.com/s/files/1/0688/1745/3281/files/41-1_290127b7-89a8-4eea-8df4-a883f63e39e0.jpg?v=1719831342	in_stock	42.90 GBP		Threaditionz	new	Apparel & Accessories > Clothing Accessories > Neckties	Cravat	TH240003CR			
TH240010SC	The Red Classic Plaid Silk Scarf	The Red Classic Plaid Silk Scarf from Threaditionz is a men's silk scarf in red-and-black classic tartan plaid - cosy heritage check. Ideal for smart-casual, autumn/winter and festive looks — the bold red & black design works as a confident statement piece that lifts a plain suit. Material: 100% Silk · Colour: Red & Black · Size: 8" x 56"	https://threaditionz.co.uk/product/the-red-classic-plaid-silk-scarf	https://cdn.shopify.com/s/files/1/0688/1745/3281/files/the-red-classic-plaid-silk-scarf_onbody.png?v=1780233439	https://cdn.shopify.com/s/files/1/0688/1745/3281/files/the-red-classic-plaid-silk-scarf_drape.png?v=1780233444,https://cdn.shopify.com/s/files/1/0688/1745/3281/files/41-5_d12b31c3-e315-4a77-9ee9-eda25bb9422f.jpg?v=1719831347,https://cdn.shopify.com/s/files/1/0688/1745/3281/files/41-1_d647cd0e-c5db-4714-91d5-ce8c13088c3c.jpg?v=1719831347	in_stock	63.00 GBP		Threaditionz	new	Apparel & Accessories > Clothing Accessories > Scarves & Shawls	Scarf	TH240010SC			
the-red-classic-plaid-silk-scarf-pocket-square-set	The Red Classic Plaid Silk Scarf & Pocket Square Set	The Red Classic Plaid Silk Scarf & Pocket Square Set from Threaditionz is a men's silk scarf & pocket square gift set in red-and-black classic tartan plaid - cosy heritage check. Ideal for smart-casual, autumn/winter and festive looks — the bold red & black design works as a confident statement piece that lifts a plain suit. Material: 100% Silk · Colour: Red & Black · Size: Scarf 8" x 56" + pocket square 12" x 12"	https://threaditionz.co.uk/product/the-red-classic-plaid-silk-scarf-pocket-square-set	https://cdn.shopify.com/s/files/1/0688/1745/3281/files/the-red-classic-plaid-silk-scarf-pocket-square-set_onbody.png?v=1780233452	https://cdn.shopify.com/s/files/1/0688/1745/3281/files/the-red-classic-plaid-silk-scarf-pocket-square-set_drape.png?v=1780233459,https://cdn.shopify.com/s/files/1/0688/1745/3281/files/41-7.jpg?v=1719831358,https://cdn.shopify.com/s/files/1/0688/1745/3281/files/41-5.jpg?v=1719831358,https://cdn.shopify.com/s/files/1/0688/1745/3281/files/41-1_3daa9ad6-e116-4e6e-a275-7155c5c0a8c5.jpg?v=1719831358	in_stock	82.00 GBP	78.00 GBP	Threaditionz	new	Apparel & Accessories > Clothing Accessories > Scarves & Shawls	Pocket Square			no	
TH240021PS	The Red Classic Plaid Silk Pocket Square	The Red Classic Plaid Silk Pocket Square from Threaditionz is a men's silk pocket square in red-and-black classic tartan plaid - cosy heritage check. Ideal for smart-casual, autumn/winter and festive looks — the bold red & black design works as a confident statement piece that lifts a plain suit. Material: 100% Silk · Colour: Red & Black · Size: 12" x 12"	https://threaditionz.co.uk/product/the-red-classic-plaid-silk-pocket-square	https://cdn.shopify.com/s/files/1/0688/1745/3281/files/41-1_30125514-971f-494d-9aa5-015ac92c1e5c.jpg?v=1719831366	https://cdn.shopify.com/s/files/1/0688/1745/3281/files/41-2_facae42e-8989-47c1-ac6f-34c1622cc4ca.jpg?v=1719831366,https://cdn.shopify.com/s/files/1/0688/1745/3281/files/41-3.jpg?v=1719831366,https://cdn.shopify.com/s/files/1/0688/1745/3281/files/41-4.jpg?v=1719831366	in_stock	17.00 GBP		Threaditionz	new	Apparel & Accessories > Clothing Accessories > Handkerchiefs	Pocket Square	TH240021PS			
TH240005CR	Peach With White Polka Silk Cravat	The Peach With White Polka Silk Cravat from Threaditionz is a men's silk cravat in soft peach silk with white polka dots - soft and spring-fresh. Ideal for spring/summer weddings, garden parties and daytime events — the peach pattern adds subtle character while staying refined enough for formal dress. Material: 100% Silk · Colour: Peach · Size: 6" x 48" (one size, self-tie)	https://threaditionz.co.uk/product/peach-with-white-polka-silk-cravat	https://cdn.shopify.com/s/files/1/0688/1745/3281/files/peach-with-white-polka-silk-cravat_onbody.png?v=1780233465	https://cdn.shopify.com/s/files/1/0688/1745/3281/files/peach-with-white-polka-silk-cravat_drape.png?v=1780233474,https://cdn.shopify.com/s/files/1/0688/1745/3281/files/46-9.jpg?v=1719831375,https://cdn.shopify.com/s/files/1/0688/1745/3281/files/46-1_ab9f9bc1-0dee-4f49-b239-f8b1fffffc05.jpg?v=1719831375	in_stock	42.90 GBP		Threaditionz	new	Apparel & Accessories > Clothing Accessories > Neckties	Cravat	TH240005CR			
peach-with-white-polka-silk-scarf-pocket-square-set	Peach With White Polka Silk Scarf & Pocket Square Set	The Peach With White Polka Silk Scarf & Pocket Square Set from Threaditionz is a men's silk scarf & pocket square gift set in soft peach silk with white polka dots - soft and spring-fresh. Ideal for spring/summer weddings, garden parties and daytime events — the peach pattern adds subtle character while staying refined enough for formal dress. Material: 100% Silk · Colour: Peach · Size: Scarf 8" x 56" + pocket square 12" x 12"	https://threaditionz.co.uk/product/peach-with-white-polka-silk-scarf-pocket-square-set	https://cdn.shopify.com/s/files/1/0688/1745/3281/files/peach-with-white-polka-silk-scarf-pocket-square-set_onbody.png?v=1780233477	https://cdn.shopify.com/s/files/1/0688/1745/3281/files/peach-with-white-polka-silk-scarf-pocket-square-set_drape.png?v=1780233483,https://cdn.shopify.com/s/files/1/0688/1745/3281/files/46-7.jpg?v=1719831388,https://cdn.shopify.com/s/files/1/0688/1745/3281/files/46-5.jpg?v=1719831388,https://cdn.shopify.com/s/files/1/0688/1745/3281/files/46-1_0a5118ef-0229-4838-9e65-6275d030864c.jpg?v=1719831388	in_stock	82.00 GBP	78.00 GBP	Threaditionz	new	Apparel & Accessories > Clothing Accessories > Scarves & Shawls	Pocket Square			no	
TH240023PS	Peach With White Polka Silk Pocket Square	The Peach With White Polka Silk Pocket Square from Threaditionz is a men's silk pocket square in soft peach silk with white polka dots - soft and spring-fresh. Ideal for spring/summer weddings, garden parties and daytime events — the peach pattern adds subtle character while staying refined enough for formal dress. Material: 100% Silk · Colour: Peach · Size: 12" x 12"	https://threaditionz.co.uk/product/peach-with-white-polka-silk-pocket-square	https://cdn.shopify.com/s/files/1/0688/1745/3281/files/46-1.jpg?v=1719831395	https://cdn.shopify.com/s/files/1/0688/1745/3281/files/46-2.jpg?v=1719831395,https://cdn.shopify.com/s/files/1/0688/1745/3281/files/46-3.jpg?v=1719831395,https://cdn.shopify.com/s/files/1/0688/1745/3281/files/46-4.jpg?v=1719831395	in_stock	17.00 GBP		Threaditionz	new	Apparel & Accessories > Clothing Accessories > Handkerchiefs	Pocket Square	TH240023PS			
TH240006CR	The Gold Vintage Silk Cravat	The Gold Vintage Silk Cravat from Threaditionz is a men's silk cravat in black silk with a gold vintage floral-and-foliage damask brocade - opulent vintage. Ideal for weddings, festive events and evening wear — the bold black & gold design works as a confident statement piece that lifts a plain suit. Material: 100% Silk · Colour: Black & Gold · Size: 6" x 48" (one size, self-tie)	https://threaditionz.co.uk/product/the-gold-vintage-silk-cravat	https://cdn.shopify.com/s/files/1/0688/1745/3281/files/the-gold-vintage-silk-cravat_onbody.png?v=1780233489	https://cdn.shopify.com/s/files/1/0688/1745/3281/files/the-gold-vintage-silk-cravat_drape.png?v=1780233495,https://cdn.shopify.com/s/files/1/0688/1745/3281/files/51-8.jpg?v=1719831399,https://cdn.shopify.com/s/files/1/0688/1745/3281/files/51-1_5f9702d1-ae3d-4ce5-a47b-9692cde54102.jpg?v=1719831399	in_stock	42.90 GBP		Threaditionz	new	Apparel & Accessories > Clothing Accessories > Neckties	Cravat	TH240006CR			
the-gold-vintage-silk-scarf	The Gold Vintage Silk Scarf	The Gold Vintage Silk Scarf from Threaditionz is a men's silk scarf in black silk with a gold vintage floral-and-foliage damask brocade - opulent vintage. Ideal for weddings, festive events and evening wear — the bold black & gold design works as a confident statement piece that lifts a plain suit. Material: 100% Silk · Colour: Black & Gold · Size: 8" x 56"	https://threaditionz.co.uk/product/the-gold-vintage-silk-scarf	https://cdn.shopify.com/s/files/1/0688/1745/3281/files/the-gold-vintage-silk-scarf_onbody.png?v=1780233501	https://cdn.shopify.com/s/files/1/0688/1745/3281/files/the-gold-vintage-silk-scarf_drape.png?v=1780233507,https://cdn.shopify.com/s/files/1/0688/1745/3281/files/51-5.jpg?v=1719831413,https://cdn.shopify.com/s/files/1/0688/1745/3281/files/51-1_0a9aa67b-1967-47e0-bad5-d4c3ebdfd411.jpg?v=1719831413	in_stock	63.00 GBP		Threaditionz	new	Apparel & Accessories > Clothing Accessories > Scarves & Shawls	Scarf			no	
the-gold-vintage-silk-pocket-square	The Gold Vintage Silk Pocket Square	The Gold Vintage Silk Pocket Square from Threaditionz is a men's silk pocket square in black silk with a gold vintage floral-and-foliage damask brocade - opulent vintage. Ideal for weddings, festive events and evening wear — the bold black & gold design works as a confident statement piece that lifts a plain suit. Material: 100% Silk · Colour: Black & Gold · Size: 12" x 12"	https://threaditionz.co.uk/product/the-gold-vintage-silk-pocket-square	https://cdn.shopify.com/s/files/1/0688/1745/3281/files/51-1.jpg?v=1719831421	https://cdn.shopify.com/s/files/1/0688/1745/3281/files/51-2.jpg?v=1719831421,https://cdn.shopify.com/s/files/1/0688/1745/3281/files/51-4.jpg?v=1719831421,https://cdn.shopify.com/s/files/1/0688/1745/3281/files/51-3.jpg?v=1719831421	in_stock	17.00 GBP		Threaditionz	new	Apparel & Accessories > Clothing Accessories > Handkerchiefs	Pocket Square			no	
maroon-eclipse-silk-cravat	Maroon Eclipse Silk Cravat	The Maroon Eclipse Silk Cravat from Threaditionz is a men's silk cravat in deep burgundy silk with a small gold foulard floret-and-medallion print - refined warmth. Ideal for weddings, autumn events and business wear — the maroon pattern adds subtle character while staying refined enough for formal dress. Material: 100% Silk · Colour: Maroon · Size: 6" x 48" (one size, self-tie)	https://threaditionz.co.uk/product/maroon-eclipse-silk-cravat	https://cdn.shopify.com/s/files/1/0688/1745/3281/files/maroon-eclipse-silk-cravat_onbody.png?v=1780233513	https://cdn.shopify.com/s/files/1/0688/1745/3281/files/maroon-eclipse-silk-cravat_drape.png?v=1780233519,https://cdn.shopify.com/s/files/1/0688/1745/3281/files/MAROONECLIPSE_63c1c3e5-071d-493f-9fec-816afcecb9fe.jpg?v=1719832283,https://cdn.shopify.com/s/files/1/0688/1745/3281/files/marooneclipse_df699539-a6fd-4fa5-9e85-8a455f12b60b.webp?v=1719832283	in_stock	42.90 GBP		Threaditionz	new	Apparel & Accessories > Clothing Accessories > Neckties	Cravat			no	
blue-with-white-polka-cravat	Blue With White Polka Cravat	The Blue With White Polka Cravat from Threaditionz is a men's silk cravat in royal-blue silk with bold white polka dots - confident and playful. Ideal for smart-casual, parties and daytime events — the bold royal blue design works as a confident statement piece that lifts a plain suit. Material: 100% Silk · Colour: Royal Blue · Size: 6" x 48" (one size, self-tie)	https://threaditionz.co.uk/product/blue-with-white-polka-cravat	https://cdn.shopify.com/s/files/1/0688/1745/3281/files/blue-with-white-polka-cravat_onbody.png?v=1780233536	https://cdn.shopify.com/s/files/1/0688/1745/3281/files/blue-with-white-polka-cravat_drape.png?v=1780233542,https://cdn.shopify.com/s/files/1/0688/1745/3281/files/BLUEWITHWHITEPOLKA.jpg?v=1719832290,https://cdn.shopify.com/s/files/1/0688/1745/3281/files/bluewiThwhiTepolka.webp?v=1719832290	in_stock	42.90 GBP		Threaditionz	new	Apparel & Accessories > Clothing Accessories > Neckties	Cravat			no	
w21-diamond-brick-silk-cravat	W21- Diamond Brick SILK CRAVAT	The W21- Diamond Brick Silk Cravat from Threaditionz is a men's silk cravat in grey silk with a gold diamond-lattice ornamental medallion - structured opulence. Ideal for weddings, formal events and evening wear — the bold grey & gold design works as a confident statement piece that lifts a plain suit. Material: 100% Silk · Colour: Grey & Gold · Size: 6" x 48" (one size, self-tie)	https://threaditionz.co.uk/product/w21-diamond-brick-silk-cravat	https://cdn.shopify.com/s/files/1/0688/1745/3281/files/w21-diamond-brick-silk-cravat_onbody.png?v=1780233548	https://cdn.shopify.com/s/files/1/0688/1745/3281/files/w21-diamond-brick-silk-cravat_drape.png?v=1780233554,https://cdn.shopify.com/s/files/1/0688/1745/3281/files/diamondbrick.jpg?v=1719832303,https://cdn.shopify.com/s/files/1/0688/1745/3281/files/W21-diamondbrick.webp?v=1719832303	in_stock	42.90 GBP		Threaditionz	new	Apparel & Accessories > Clothing Accessories > Neckties	Cravat			no	
midnight-artist-silk-cravat	MIDNIGHT ARTIST Silk CRAVAT	The Midnight Artist Silk Cravat from Threaditionz is a men's silk cravat in teal, gold and maroon silk with an abstract painterly brushstroke print - artistic and expressive. Ideal for creative events, evening wear and statement looks — the bold teal & gold design works as a confident statement piece that lifts a plain suit. Material: 100% Silk · Colour: Teal & Gold · Size: 6" x 48" (one size, self-tie)	https://threaditionz.co.uk/product/midnight-artist-silk-cravat	https://cdn.shopify.com/s/files/1/0688/1745/3281/files/midnight-artist-silk-cravat_onbody.png?v=1780233560	https://cdn.shopify.com/s/files/1/0688/1745/3281/files/midnight-artist-silk-cravat_drape.png?v=1780233565,https://cdn.shopify.com/s/files/1/0688/1745/3281/files/midnightartist.jpg?v=1719832311,https://cdn.shopify.com/s/files/1/0688/1745/3281/files/midnightartistpokectsquare.webp?v=1719832311	in_stock	49.00 GBP	42.90 GBP	Threaditionz	new	Apparel & Accessories > Clothing Accessories > Neckties	Cravat			no	
w21-brf1-silk-cravat	W21-Brf1 Silk Cravat	The W21-Brf1 Silk Cravat from Threaditionz is a men's silk cravat in white silk with a bold navy-blue floral and red-centred blooms - statement botanical. Ideal for spring/summer weddings, daytime events and cocktail parties — the bold white & navy design works as a confident statement piece that lifts a plain suit. Material: 100% Silk · Colour: White & Navy · Size: 6" x 48" (one size, self-tie)	https://threaditionz.co.uk/product/w21-brf1-silk-cravat	https://cdn.shopify.com/s/files/1/0688/1745/3281/files/w21-brf1-silk-cravat_onbody.png?v=1780233571	https://cdn.shopify.com/s/files/1/0688/1745/3281/files/w21-brf1-silk-cravat_drape.png?v=1780233576,https://cdn.shopify.com/s/files/1/0688/1745/3281/files/W21-BRF1.jpg?v=1719832318,https://cdn.shopify.com/s/files/1/0688/1745/3281/files/W21-brf1_08676829-5c74-4c24-b294-4f391820c4dd.webp?v=1719832318	in_stock	49.00 GBP	42.90 GBP	Threaditionz	new	Apparel & Accessories > Clothing Accessories > Neckties	Cravat			no	
ferozi-silk-cravat	Ferozi Silk CRAVAT	The Ferozi Silk Cravat from Threaditionz is a men's silk cravat in vivid ferozi-turquoise silk with a tonal small-floral paisley - jewel-tone elegance. Ideal for weddings, festive events and cocktail parties — the ferozi turquoise pattern adds subtle character while staying refined enough for formal dress. Material: 100% Silk · Colour: Ferozi Turquoise · Size: 6" x 48" (one size, self-tie)	https://threaditionz.co.uk/product/ferozi-silk-cravat	https://cdn.shopify.com/s/files/1/0688/1745/3281/files/ferozi-silk-cravat_onbody.png?v=1780233582	https://cdn.shopify.com/s/files/1/0688/1745/3281/files/ferozi-silk-cravat_drape.png?v=1780233587,https://cdn.shopify.com/s/files/1/0688/1745/3281/files/W21-ferozi.jpg?v=1719832325,https://cdn.shopify.com/s/files/1/0688/1745/3281/files/W21-ferozisilk.webp?v=1719832325	in_stock	42.90 GBP		Threaditionz	new	Apparel & Accessories > Clothing Accessories > Neckties	Cravat			no	
w21-robe-of-honour-silk-cravat	W21- Robe Of Honour Silk Cravat	The W21- Robe Of Honour Silk Cravat from Threaditionz is a men's silk cravat in ivory silk with a sage-green paisley print - heritage softness. Ideal for weddings, daytime events and smart-casual — the ivory & sage pattern adds subtle character while staying refined enough for formal dress. Material: 100% Silk · Colour: Ivory & Sage · Size: 6" x 48" (one size, self-tie)	https://threaditionz.co.uk/product/w21-robe-of-honour-silk-cravat	https://cdn.shopify.com/s/files/1/0688/1745/3281/files/w21-robe-of-honour-silk-cravat_onbody.png?v=1780233593	https://cdn.shopify.com/s/files/1/0688/1745/3281/files/w21-robe-of-honour-silk-cravat_drape.png?v=1780233598,https://cdn.shopify.com/s/files/1/0688/1745/3281/files/robeofhonour.jpg?v=1719832332,https://cdn.shopify.com/s/files/1/0688/1745/3281/files/W21-RobeofHonor.webp?v=1719832332	in_stock	49.00 GBP	42.90 GBP	Threaditionz	new	Apparel & Accessories > Clothing Accessories > Neckties	Cravat			no	
floral-indigo-silk-cravat	Floral Indigo Silk Cravat	The Floral Indigo Silk Cravat from Threaditionz is a men's silk cravat in silver-grey silk drawn with a bold charcoal abstract floral-maze linework - modern and graphic. Ideal for modern formal, evening wear and creative events — the bold silver grey design works as a confident statement piece that lifts a plain suit. Material: 100% Silk · Colour: Silver Grey · Size: 6" x 48" (one size, self-tie)	https://threaditionz.co.uk/product/floral-indigo-silk-cravat	https://cdn.shopify.com/s/files/1/0688/1745/3281/files/floral-indigo-silk-cravat_onbody.png?v=1780233608	https://cdn.shopify.com/s/files/1/0688/1745/3281/files/floral-indigo-silk-cravat_drape.png?v=1780233610,https://cdn.shopify.com/s/files/1/0688/1745/3281/files/FLORALINDIGOSILKCRAVAT.jpg?v=1719832337,https://cdn.shopify.com/s/files/1/0688/1745/3281/files/FLORALINDIGO_pocket.webp?v=1719832337	in_stock	42.90 GBP		Threaditionz	new	Apparel & Accessories > Clothing Accessories > Neckties	Cravat			no	
maroon-black-mystery-silk-cravat	Maroon & Black Mystery Silk Cravat	The Maroon & Black Mystery Silk Cravat from Threaditionz is a men's silk cravat in deep maroon silk with gold-and-black paisley damask medallions - opulent festive. Ideal for weddings, festive events and evening wear — the bold maroon design works as a confident statement piece that lifts a plain suit. Material: 100% Silk · Colour: Maroon · Size: 6" x 48" (one size, self-tie)	https://threaditionz.co.uk/product/maroon-black-mystery-silk-cravat	https://cdn.shopify.com/s/files/1/0688/1745/3281/files/maroon-black-mystery-silk-cravat_onbody.png?v=1780233617	https://cdn.shopify.com/s/files/1/0688/1745/3281/files/maroon-black-mystery-silk-cravat_drape.png?v=1780233622,https://cdn.shopify.com/s/files/1/0688/1745/3281/files/maroon_blackmystery.jpg?v=1719832341,https://cdn.shopify.com/s/files/1/0688/1745/3281/files/maroonandblackmystery.webp?v=1719832341	in_stock	42.90 GBP		Threaditionz	new	Apparel & Accessories > Clothing Accessories > Neckties	Cravat			no	
green-yellow-mystery-silk-cravat	Green & Yellow Mystery Silk Cravat	The Green & Yellow Mystery Silk Cravat from Threaditionz is a men's silk cravat in teal-green silk patterned with gold paisley and medallion ornament - rich festive. Ideal for weddings, festive events and evening wear — the bold teal green design works as a confident statement piece that lifts a plain suit. Material: 100% Silk · Colour: Teal Green · Size: 6" x 48" (one size, self-tie)	https://threaditionz.co.uk/product/green-yellow-mystery-silk-cravat	https://cdn.shopify.com/s/files/1/0688/1745/3281/files/green-yellow-mystery-silk-cravat_onbody.png?v=1780233633	https://cdn.shopify.com/s/files/1/0688/1745/3281/files/green-yellow-mystery-silk-cravat_drape.png?v=1780233635,https://cdn.shopify.com/s/files/1/0688/1745/3281/files/green_yellowmsytery.jpg?v=1719832346,https://cdn.shopify.com/s/files/1/0688/1745/3281/files/greenandyelllowmystery.webp?v=1719832346	in_stock	42.90 GBP		Threaditionz	new	Apparel & Accessories > Clothing Accessories > Neckties	Cravat			no	
TH240007CR	W21- Royal Botha Silk Cravat	The W21- Royal Botha Silk Cravat from Threaditionz is a men's silk cravat in rust-brown and cream classic paisley - timeless heritage. Ideal for weddings, autumn events and business wear — the rust brown pattern adds subtle character while staying refined enough for formal dress. Material: 100% Silk · Colour: Rust Brown · Size: 6" x 48" (one size, self-tie)	https://threaditionz.co.uk/product/w21-royal-botha-silk-cravat	https://cdn.shopify.com/s/files/1/0688/1745/3281/files/w21-royal-botha-silk-cravat_onbody.png?v=1780233641	https://cdn.shopify.com/s/files/1/0688/1745/3281/files/w21-royal-botha-silk-cravat_drape.png?v=1780233647,https://cdn.shopify.com/s/files/1/0688/1745/3281/files/royalbotha_1.jpg?v=1719832354,https://cdn.shopify.com/s/files/1/0688/1745/3281/files/W21-royalBotha_a943d21b-f2f1-43a4-be69-1cc2c08d7409.webp?v=1719832354	in_stock	42.90 GBP		Threaditionz	new	Apparel & Accessories > Clothing Accessories > Neckties	Cravat	TH240007CR			
floral-indigo-silk-scarf-pocket-square-set	Floral Indigo Silk Scarf & Pocket Square Set	The Floral Indigo Silk Scarf & Pocket Square Set from Threaditionz is a men's silk scarf & pocket square gift set in silver-grey silk drawn with a bold charcoal abstract floral-maze linework - modern and graphic. Ideal for modern formal, evening wear and creative events — the bold silver grey design works as a confident statement piece that lifts a plain suit. Material: 100% Silk · Colour: Silver Grey · Size: Scarf 8" x 56" + pocket square 12" x 12"	https://threaditionz.co.uk/product/floral-indigo-silk-scarf-pocket-square-set	https://cdn.shopify.com/s/files/1/0688/1745/3281/files/floral-indigo-silk-scarf-pocket-square-set_onbody.png?v=1780233653	https://cdn.shopify.com/s/files/1/0688/1745/3281/files/floral-indigo-silk-scarf-pocket-square-set_drape.png?v=1780233659,https://cdn.shopify.com/s/files/1/0688/1745/3281/files/98.jpg?v=1719832358,https://cdn.shopify.com/s/files/1/0688/1745/3281/files/FLORALINDIGO_1_8bd42bb2-c32b-4545-9af3-3e1623901b6f.jpg?v=1719832358	in_stock	82.00 GBP	78.00 GBP	Threaditionz	new	Apparel & Accessories > Clothing Accessories > Scarves & Shawls	Pocket Square			no	
w21-tropica-bird-silk-cravat	W21-Tropica Bird Silk Cravat	The W21-Tropica Bird Silk Cravat from Threaditionz is a men's silk cravat in petrol-teal silk with a tropical floral-and-bird print in orange and white - playful and exotic. Ideal for summer events, smart-casual and daytime parties — the bold teal design works as a confident statement piece that lifts a plain suit. Material: 100% Silk · Colour: Teal · Size: 6" x 48" (one size, self-tie)	https://threaditionz.co.uk/product/w21-tropica-bird-silk-cravat	https://cdn.shopify.com/s/files/1/0688/1745/3281/files/w21-tropica-bird-silk-cravat_onbody.png?v=1780233666	https://cdn.shopify.com/s/files/1/0688/1745/3281/files/w21-tropica-bird-silk-cravat_drape.png?v=1780233671,https://cdn.shopify.com/s/files/1/0688/1745/3281/files/tropicabird.jpg?v=1719832430,https://cdn.shopify.com/s/files/1/0688/1745/3281/files/W21-Tropical-Bird.webp?v=1719832430	in_stock	49.00 GBP	42.90 GBP	Threaditionz	new	Apparel & Accessories > Clothing Accessories > Neckties	Cravat			no	
persian-caramel-silk-cravat	Persian Caramel Silk Cravat	The Persian Caramel Silk Cravat from Threaditionz is a men's silk cravat in caramel-olive silk with vertical Persian ornamental stripes of paisley and florals - heritage and warm. Ideal for weddings, festive events and autumn looks — the bold caramel design works as a confident statement piece that lifts a plain suit. Material: 100% Silk · Colour: Caramel · Size: 6" x 48" (one size, self-tie)	https://threaditionz.co.uk/product/persian-caramel-silk-cravat	https://cdn.shopify.com/s/files/1/0688/1745/3281/files/persian-caramel-silk-cravat_onbody.png?v=1780233678	https://cdn.shopify.com/s/files/1/0688/1745/3281/files/persian-caramel-silk-cravat_drape.png?v=1780233683,https://cdn.shopify.com/s/files/1/0688/1745/3281/files/cravatmockup.jpg?v=1719832441,https://cdn.shopify.com/s/files/1/0688/1745/3281/files/persiancaramelpockectsquare.webp?v=1719832441	in_stock	49.00 GBP	42.90 GBP	Threaditionz	new	Apparel & Accessories > Clothing Accessories > Neckties	Cravat			no	
w21-flamingo-silk-cravat	W21- Flamingo Silk Cravat	The W21- Flamingo Silk Cravat from Threaditionz is a men's silk cravat in lilac-silver silk with a tonal feather-and-leaf print - soft and elegant. Ideal for weddings, daytime events and cocktail parties — the lilac pattern adds subtle character while staying refined enough for formal dress. Material: 100% Silk · Colour: Lilac · Size: 6" x 48" (one size, self-tie)	https://threaditionz.co.uk/product/w21-flamingo-silk-cravat	https://cdn.shopify.com/s/files/1/0688/1745/3281/files/w21-flamingo-silk-cravat_onbody.png?v=1780233689	https://cdn.shopify.com/s/files/1/0688/1745/3281/files/w21-flamingo-silk-cravat_drape.png?v=1780233696,https://cdn.shopify.com/s/files/1/0688/1745/3281/files/flamingo.jpg?v=1719832449,https://cdn.shopify.com/s/files/1/0688/1745/3281/files/flamingopockets.webp?v=1719832449	in_stock	49.00 GBP	42.90 GBP	Threaditionz	new	Apparel & Accessories > Clothing Accessories > Neckties	Cravat			no	
imperial-ajrak-silk-cravat	Imperial Ajrak Silk Cravat	The Imperial Ajrak Silk Cravat from Threaditionz is a men's silk cravat in navy silk with red-and-white Ajrak block-print star medallions - heritage Ajrak craft. Ideal for weddings, festive & cultural events and Eid — the bold navy & red design works as a confident statement piece that lifts a plain suit. Material: 100% Silk · Colour: Navy & Red · Size: 6" x 48" (one size, self-tie)	https://threaditionz.co.uk/product/imperial-ajrak-silk-cravat	https://cdn.shopify.com/s/files/1/0688/1745/3281/files/imperial-ajrak-silk-cravat_onbody.png?v=1780232910	https://cdn.shopify.com/s/files/1/0688/1745/3281/files/imperial-ajrak-silk-cravat_drape.png?v=1780232915,https://cdn.shopify.com/s/files/1/0688/1745/3281/files/imperialajrak.jpg?v=1719832481,https://cdn.shopify.com/s/files/1/0688/1745/3281/files/IMPERIALAJRAKPOCKET.webp?v=1719832481	in_stock	49.00 GBP	42.90 GBP	Threaditionz	new	Apparel & Accessories > Clothing Accessories > Neckties	Cravat			no	
traditional-ajrak-silk-cravat	Traditional Ajrak Silk Cravat	The Traditional Ajrak Silk Cravat from Threaditionz is a men's silk cravat in red, navy and white Ajrak block-print with geometric star medallions and teal accents - heritage Ajrak craft (luxe). Ideal for weddings, festive & cultural events and Eid — the bold red & navy design works as a confident statement piece that lifts a plain suit. Material: 100% Silk · Colour: Red & Navy · Size: 6" x 48" (one size, self-tie)	https://threaditionz.co.uk/product/traditional-ajrak-silk-cravat	https://cdn.shopify.com/s/files/1/0688/1745/3281/files/traditional-ajrak-silk-cravat_onbody.png?v=1780233703	https://cdn.shopify.com/s/files/1/0688/1745/3281/files/traditional-ajrak-silk-cravat_drape.png?v=1780233709,https://cdn.shopify.com/s/files/1/0688/1745/3281/files/traditionalajrak.jpg?v=1719832490,https://cdn.shopify.com/s/files/1/0688/1745/3281/files/traditionalajrakpocketsquare.webp?v=1719832490	in_stock	49.00 GBP	42.90 GBP	Threaditionz	new	Apparel & Accessories > Clothing Accessories > Neckties	Cravat			no	
TH240012SC	Blue And Gold Chain Silk Scarf	The Blue And Gold Chain Silk Scarf from Threaditionz is a men's silk scarf in navy silk with a baroque gold-chain print - opulent statement. Ideal for evening wear, festive events and statement looks — the bold navy & gold design works as a confident statement piece that lifts a plain suit. Material: 100% Silk · Colour: Navy & Gold · Size: 8" x 56"	https://threaditionz.co.uk/product/blue-and-gold-chain-silk-scarf	https://cdn.shopify.com/s/files/1/0688/1745/3281/files/blue-and-gold-chain-silk-scarf_onbody.png?v=1780233715	https://cdn.shopify.com/s/files/1/0688/1745/3281/files/blue-and-gold-chain-silk-scarf_drape.png?v=1780233721,https://cdn.shopify.com/s/files/1/0688/1745/3281/files/blue_goldchain.jpg?v=1719832504	in_stock	63.00 GBP		Threaditionz	new	Apparel & Accessories > Clothing Accessories > Scarves & Shawls	Scarf	TH240012SC			
maroon-diamond-silk-scarf-1	Maroon Diamond Silk Scarf	The Maroon Diamond Silk Scarf from Threaditionz is a men's silk scarf in maroon silk with a white diamond-and-square medallion foulard - classic warmth. Ideal for weddings, autumn events and business wear — the maroon pattern adds subtle character while staying refined enough for formal dress. Material: 100% Silk · Colour: Maroon · Size: 8" x 56"	https://threaditionz.co.uk/product/maroon-diamond-silk-scarf-1	https://cdn.shopify.com/s/files/1/0688/1745/3281/files/maroon-diamond-silk-scarf-1_onbody.png?v=1780233727	https://cdn.shopify.com/s/files/1/0688/1745/3281/files/maroon-diamond-silk-scarf-1_drape.png?v=1780233733,https://cdn.shopify.com/s/files/1/0688/1745/3281/files/maroondiamond.jpg?v=1719832508	in_stock	63.00 GBP		Threaditionz	new	Apparel & Accessories > Clothing Accessories > Scarves & Shawls	Scarf			no	
TH240004PS	Four In One Pastel Cream Silk Pocket Square	The Four In One Pastel Cream Silk Pocket Square from Threaditionz is a men's silk pocket square in a cream silk split into four panels — paisley, polka dot, diagonal stripe and pin-dot - four looks in one. Ideal for weddings, daytime events and versatile everyday — the cream pattern adds subtle character while staying refined enough for formal dress. Material: 100% Silk · Colour: Cream · Size: 12" x 12"	https://threaditionz.co.uk/product/four-in-one-pastel-cream-silk-pocket-square	https://cdn.shopify.com/s/files/1/0688/1745/3281/files/37-1_f5695fe1-a243-45d0-aac6-134ca96bf603.jpg?v=1719832516	https://cdn.shopify.com/s/files/1/0688/1745/3281/files/37-3_e9b6f772-47cd-4695-bcc2-e7b974dd1b63.jpg?v=1719832516,https://cdn.shopify.com/s/files/1/0688/1745/3281/files/37-2_d4041f67-641a-466c-8257-a90780a31072.jpg?v=1719832516,https://cdn.shopify.com/s/files/1/0688/1745/3281/files/37-5.jpg?v=1719832516,https://cdn.shopify.com/s/files/1/0688/1745/3281/files/37-4.jpg?v=1719832516	in_stock	22.00 GBP		Threaditionz	new	Apparel & Accessories > Clothing Accessories > Handkerchiefs	Pocket Square	TH240004PS			
TH240005PS	Four In One Pastel Ice Blue Silk Pocket Square	The Four In One Pastel Ice Blue Silk Pocket Square from Threaditionz is a men's silk pocket square in an ice-blue silk split into four panels — paisley, polka dot, diagonal stripe and pin-dot - four looks in one. Ideal for spring/summer weddings, daytime events and versatile everyday — the ice blue pattern adds subtle character while staying refined enough for formal dress. Material: 100% Silk · Colour: Ice Blue · Size: 12" x 12"	https://threaditionz.co.uk/product/four-in-one-pastel-ice-blue-silk-pocket-square	https://cdn.shopify.com/s/files/1/0688/1745/3281/files/38-1_b149dc42-945a-4844-be19-35da769c8118.jpg?v=1719832526	https://cdn.shopify.com/s/files/1/0688/1745/3281/files/38-2_b66e43a5-cca7-46fe-ada9-2e4975ae188e.jpg?v=1719832527,https://cdn.shopify.com/s/files/1/0688/1745/3281/files/38-3_0900e6a8-5d76-4365-b8be-20703bb4ac6c.jpg?v=1719832527,https://cdn.shopify.com/s/files/1/0688/1745/3281/files/38-5.jpg?v=1719832527,https://cdn.shopify.com/s/files/1/0688/1745/3281/files/38-4.jpg?v=1719832527	in_stock	22.00 GBP		Threaditionz	new	Apparel & Accessories > Clothing Accessories > Handkerchiefs	Pocket Square	TH240005PS			
TH240006PS	Four In One Pastel Pink Silk Pocket Square	The Four In One Pastel Pink Silk Pocket Square from Threaditionz is a men's silk pocket square in a pastel-pink silk split into four panels — paisley, polka dot, diagonal stripe and pin-dot - four looks in one. Ideal for spring/summer weddings, daytime events and versatile everyday — the pastel pink pattern adds subtle character while staying refined enough for formal dress. Material: 100% Silk · Colour: Pastel Pink · Size: 12" x 12"	https://threaditionz.co.uk/product/four-in-one-pastel-pink-silk-pocket-square	https://cdn.shopify.com/s/files/1/0688/1745/3281/files/36-1_92542aa2-1fa5-4013-b0d6-a6074dfe8079.jpg?v=1719832537	https://cdn.shopify.com/s/files/1/0688/1745/3281/files/36-3_bf8c7324-c927-4123-abd7-64a81eb13513.jpg?v=1719832537,https://cdn.shopify.com/s/files/1/0688/1745/3281/files/36-2_9a6271ff-5340-4903-85d5-0dc8a258a6c0.jpg?v=1719832537,https://cdn.shopify.com/s/files/1/0688/1745/3281/files/36-5.jpg?v=1719832537,https://cdn.shopify.com/s/files/1/0688/1745/3281/files/36-4.jpg?v=1719832537	in_stock	22.00 GBP		Threaditionz	new	Apparel & Accessories > Clothing Accessories > Handkerchiefs	Pocket Square	TH240006PS			
TH240007PS	Four In One Pastel Green Silk Pocket Square	The Four In One Pastel Green Silk Pocket Square from Threaditionz is a men's silk pocket square in a mint-green silk split into four panels — paisley, polka dot, diagonal stripe and pin-dot - four looks in one. Ideal for spring/summer weddings, daytime events and versatile everyday — the mint green pattern adds subtle character while staying refined enough for formal dress. Material: 100% Silk · Colour: Mint Green · Size: 12" x 12"	https://threaditionz.co.uk/product/four-in-one-pastel-green-silk-pocket-square	https://cdn.shopify.com/s/files/1/0688/1745/3281/files/35-1_da1bf61b-654a-4fea-91a2-52e61fd17b83.jpg?v=1719832548	https://cdn.shopify.com/s/files/1/0688/1745/3281/files/35-2_3b640a98-f80a-41a3-889e-658d398a1b68.jpg?v=1719832548,https://cdn.shopify.com/s/files/1/0688/1745/3281/files/35-5.jpg?v=1719832548,https://cdn.shopify.com/s/files/1/0688/1745/3281/files/35-3_9831def1-2a55-4c85-8f59-1ac3c42cc8f9.jpg?v=1719832548,https://cdn.shopify.com/s/files/1/0688/1745/3281/files/35-4.jpg?v=1719832548	in_stock	22.00 GBP		Threaditionz	new	Apparel & Accessories > Clothing Accessories > Handkerchiefs	Pocket Square	TH240007PS			
TH240014SC	Anchored Navy Pride Silk Scarf	The Anchored Navy Pride Silk Scarf from Threaditionz is a men's silk scarf in muted sage-olive silk scattered with a tiny ivory anchor-and-paisley foulard print - understated maritime heritage. Ideal for weddings, formal events and business wear — the sage green pattern adds subtle character while staying refined enough for formal dress. Material: 100% Silk · Colour: Sage Green · Size: 8" x 56"	https://threaditionz.co.uk/product/anchored-navy-pride-silk-scarf	https://cdn.shopify.com/s/files/1/0688/1745/3281/files/anchored-navy-pride-silk-scarf_onbody.png?v=1780233740	https://cdn.shopify.com/s/files/1/0688/1745/3281/files/anchored-navy-pride-silk-scarf_drape.png?v=1780233746,https://cdn.shopify.com/s/files/1/0688/1745/3281/files/ANCHOREDNAVYPRIDESILKSCARF.jpg?v=1719832656,https://cdn.shopify.com/s/files/1/0688/1745/3281/files/ANCHOREDNAVYPRIDESILKPOCKETSQUARE_8ade1b46-4e5e-4ad3-9bda-3f96ab9629fc.jpg?v=1719832656	in_stock	63.00 GBP		Threaditionz	new	Apparel & Accessories > Clothing Accessories > Scarves & Shawls	Scarf	TH240014SC			
TH240015SC	Aqua Botanical Bliss Silk Scarf	The Aqua Botanical Bliss Silk Scarf from Threaditionz is a men's silk scarf in bright aqua-turquoise silk patterned with a gold Art-Deco palmette and fan motif - Art-Deco botanical. Ideal for weddings, summer events and cocktail parties — the aqua pattern adds subtle character while staying refined enough for formal dress. Material: 100% Silk · Colour: Aqua · Size: 8" x 56"	https://threaditionz.co.uk/product/aqua-botanical-bliss-silk-scarf	https://cdn.shopify.com/s/files/1/0688/1745/3281/files/aqua-botanical-bliss-silk-scarf_onbody.png?v=1780233751	https://cdn.shopify.com/s/files/1/0688/1745/3281/files/aqua-botanical-bliss-silk-scarf_drape.png?v=1780233758,https://cdn.shopify.com/s/files/1/0688/1745/3281/files/AQUABOTANICALBLISSSILKSCARF-1.jpg?v=1719832661,https://cdn.shopify.com/s/files/1/0688/1745/3281/files/AQUABOTANICALBLISSSILKPOCKETSQUARE_7d3d9d81-a274-4796-a600-453b57390cd6.jpg?v=1719832661	in_stock	63.00 GBP		Threaditionz	new	Apparel & Accessories > Clothing Accessories > Scarves & Shawls	Scarf	TH240015SC			
TH240017SC	Black With White Polka Silk Scarf	The Black With White Polka Silk Scarf from Threaditionz is a men's silk scarf in black silk with a fine white pin-dot print - timeless black-tie polish. Ideal for black-tie events, weddings and formal events — the black pattern adds subtle character while staying refined enough for formal dress. Material: 100% Silk · Colour: Black · Size: 8" x 56"	https://threaditionz.co.uk/product/black-with-white-polka-silk-scarf	https://cdn.shopify.com/s/files/1/0688/1745/3281/files/black-with-white-polka-silk-scarf_onbody.png?v=1780233764	https://cdn.shopify.com/s/files/1/0688/1745/3281/files/black-with-white-polka-silk-scarf_drape.png?v=1780233769,https://cdn.shopify.com/s/files/1/0688/1745/3281/files/polkadots.jpg?v=1719832672,https://cdn.shopify.com/s/files/1/0688/1745/3281/files/BLACKWITHWHITEPOLKASILKPOCKETSQUARE_d53b5ce8-a91d-4fe4-b25f-882e166f19e3.jpg?v=1719832672	in_stock	63.00 GBP		Threaditionz	new	Apparel & Accessories > Clothing Accessories > Scarves & Shawls	Scarf	TH240017SC			
TH240019SC	Diamond Maze Silk Scarf	The Diamond Maze Silk Scarf from Threaditionz is a men's silk scarf in navy silk layered with an ornate gold, teal and red geometric medallion maze - opulent and intricate. Ideal for weddings, festive events and statement looks — the bold navy & gold design works as a confident statement piece that lifts a plain suit. Material: 100% Silk · Colour: Navy & Gold · Size: 8" x 56"	https://threaditionz.co.uk/product/diamond-maze-silk-scarf	https://cdn.shopify.com/s/files/1/0688/1745/3281/files/diamond-maze-silk-scarf_onbody.png?v=1780233776	https://cdn.shopify.com/s/files/1/0688/1745/3281/files/diamond-maze-silk-scarf_drape.png?v=1780233782,https://cdn.shopify.com/s/files/1/0688/1745/3281/files/DIAMONDMAZESILKSCARF.jpg?v=1719832683	in_stock	63.00 GBP		Threaditionz	new	Apparel & Accessories > Clothing Accessories > Scarves & Shawls	Scarf	TH240019SC			
TH240021SC	Houndstooth Silk Scarf	The Houndstooth Silk Scarf from Threaditionz is a men's silk scarf in crisp black-and-white classic houndstooth - heritage tailoring. Ideal for business wear, smart-casual and autumn/winter — the bold black & white design works as a confident statement piece that lifts a plain suit. Material: 100% Silk · Colour: Black & White · Size: 8" x 56"	https://threaditionz.co.uk/product/houndstooth-silk-scarf	https://cdn.shopify.com/s/files/1/0688/1745/3281/files/houndstooth-silk-scarf_onbody.png?v=1780233788	https://cdn.shopify.com/s/files/1/0688/1745/3281/files/houndstooth-silk-scarf_drape.png?v=1780233793,https://cdn.shopify.com/s/files/1/0688/1745/3281/files/houndstooth.jpg?v=1719832691,https://cdn.shopify.com/s/files/1/0688/1745/3281/files/HOUNDSTOOTHSILKPOCKETSQUARE_eea84fc6-a95e-4968-954f-e18377cd8a82.jpg?v=1719832691	in_stock	63.00 GBP		Threaditionz	new	Apparel & Accessories > Clothing Accessories > Scarves & Shawls	Scarf	TH240021SC			
TH240022SC	Kaleidoscopic Geometric Fusion Silk Scarf	The Kaleidoscopic Geometric Fusion Silk Scarf from Threaditionz is a men's silk scarf in cream silk with a fine multicolour kaleidoscopic geometric-floral micro-print - intricate and versatile. Ideal for weddings, smart-casual and daytime events — the cream multi pattern adds subtle character while staying refined enough for formal dress. Material: 100% Silk · Colour: Cream Multi · Size: 8" x 56"	https://threaditionz.co.uk/product/kaleidoscopic-geometric-fusion-silk-scarf	https://cdn.shopify.com/s/files/1/0688/1745/3281/files/kaleidoscopic-geometric-fusion-silk-scarf_onbody.png?v=1780233800	https://cdn.shopify.com/s/files/1/0688/1745/3281/files/kaleidoscopic-geometric-fusion-silk-scarf_drape.png?v=1780233806,https://cdn.shopify.com/s/files/1/0688/1745/3281/files/KALEIDOSCOPICGEOMETRICFUSIONSILKSCARF.jpg?v=1719832697,https://cdn.shopify.com/s/files/1/0688/1745/3281/files/KALEIDOSCOPICGEOMETRICFUSIONSILKPOCKETSQUARE_013fb1b7-2b37-4e22-883a-c05587a16fa0.jpg?v=1719832697	in_stock	63.00 GBP		Threaditionz	new	Apparel & Accessories > Clothing Accessories > Scarves & Shawls	Scarf	TH240022SC			
TH240023SC	Maroon White Tartan Silk Scarf	The Maroon White Tartan Silk Scarf from Threaditionz is a men's silk scarf in maroon silk printed with a white Moroccan quatrefoil trellis lattice - refined geometric. Ideal for weddings, business wear and formal events — the maroon pattern adds subtle character while staying refined enough for formal dress. Material: 100% Silk · Colour: Maroon · Size: 8" x 56"	https://threaditionz.co.uk/product/maroon-white-tartan-silk-scarf	https://cdn.shopify.com/s/files/1/0688/1745/3281/files/maroon-white-tartan-silk-scarf_onbody.png?v=1780233815	https://cdn.shopify.com/s/files/1/0688/1745/3281/files/maroon-white-tartan-silk-scarf_drape.png?v=1780233818,https://cdn.shopify.com/s/files/1/0688/1745/3281/files/MAROONWHITETARTANSILKSCARF_83223148-bf43-497d-a345-b2bf5c8a7c88.jpg?v=1719832703,https://cdn.shopify.com/s/files/1/0688/1745/3281/files/MAROONWHITETARTANSILKSCARF.jpg?v=1719832703	in_stock	63.00 GBP		Threaditionz	new	Apparel & Accessories > Clothing Accessories > Scarves & Shawls	Scarf	TH240023SC			
TH240024SC	Minty Fish Shoal Silk Scarf	The Minty Fish Shoal Silk Scarf from Threaditionz is a men's silk scarf in mint-and-white silk scattered with a tiny gold fish-shoal motif - playful coastal charm. Ideal for summer events, smart-casual and daytime weddings — the mint pattern adds subtle character while staying refined enough for formal dress. Material: 100% Silk · Colour: Mint · Size: 8" x 56"	https://threaditionz.co.uk/product/minty-fish-shoal-silk-scarf	https://cdn.shopify.com/s/files/1/0688/1745/3281/files/minty-fish-shoal-silk-scarf_onbody.png?v=1780233823	https://cdn.shopify.com/s/files/1/0688/1745/3281/files/minty-fish-shoal-silk-scarf_drape.png?v=1780233830,https://cdn.shopify.com/s/files/1/0688/1745/3281/files/MINTYFISHSHOALSILKSCARF.jpg?v=1719832707,https://cdn.shopify.com/s/files/1/0688/1745/3281/files/MINTYFISHSHOALSILKPOCKETSQUARE_64d5ab65-3472-46cc-82b9-933caf0c51ce.jpg?v=1719832707	in_stock	63.00 GBP		Threaditionz	new	Apparel & Accessories > Clothing Accessories > Scarves & Shawls	Scarf	TH240024SC			
purple-quadruple-polka-silk-scarf	Purple Quadruple Polka Silk Scarf	The Purple Quadruple Polka Silk Scarf from Threaditionz is a men's silk scarf in purple silk with a neat lilac four-dot cluster foulard - regal and refined. Ideal for weddings, formal events and evening wear — the purple pattern adds subtle character while staying refined enough for formal dress. Material: 100% Silk · Colour: Purple · Size: 8" x 56"	https://threaditionz.co.uk/product/purple-quadruple-polka-silk-scarf	https://cdn.shopify.com/s/files/1/0688/1745/3281/files/purple-quadruple-polka-silk-scarf_onbody.png?v=1780233837	https://cdn.shopify.com/s/files/1/0688/1745/3281/files/purple-quadruple-polka-silk-scarf_drape.png?v=1780233849,https://cdn.shopify.com/s/files/1/0688/1745/3281/files/PURPLEQUADRUPLEPOLKAPURPLESILKSCARF.jpg?v=1719832721,https://cdn.shopify.com/s/files/1/0688/1745/3281/files/PURPLEQUADRUPLEPOLKAPURPLESILKPOCKETSQUARE.jpg?v=1719832721	in_stock	63.00 GBP		Threaditionz	new	Apparel & Accessories > Clothing Accessories > Scarves & Shawls	Scarf			no	
TH240008CR	Yellow With Black Polka Silk Cravat	The Yellow With Black Polka Silk Cravat from Threaditionz is a men's silk cravat in bright yellow silk with fine black pin-dots - bold and cheerful. Ideal for smart-casual, parties and summer events — the bold yellow design works as a confident statement piece that lifts a plain suit. Material: 100% Silk · Colour: Yellow · Size: 6" x 48" (one size, self-tie)	https://threaditionz.co.uk/product/yellow-with-black-polka-silk-cravat	https://cdn.shopify.com/s/files/1/0688/1745/3281/files/yellow-with-black-polka-silk-cravat_onbody.png?v=1780233856	https://cdn.shopify.com/s/files/1/0688/1745/3281/files/yellow-with-black-polka-silk-cravat_drape.png?v=1780233863,https://cdn.shopify.com/s/files/1/0688/1745/3281/files/YELLOWWITHBLACKPOLKASILKCRAVAT.jpg?v=1719832725,https://cdn.shopify.com/s/files/1/0688/1745/3281/files/YELLOWWITHBLACKPOLKASILKPOCKETSQUARE_d8656335-439d-4b17-815a-9973b19250ea.jpg?v=1719832725	in_stock	49.00 GBP	42.90 GBP	Threaditionz	new	Apparel & Accessories > Clothing Accessories > Neckties	Cravat	TH240008CR			
TH240009CR	Wings Of Courage Air Force Silk Cravat	The Wings Of Courage Air Force Silk Cravat from Threaditionz is a men's silk cravat in sage-grey silk with a tiny white aircraft-and-wing micro-print - characterful novelty. Ideal for smart-casual, daytime events and gifting — the sage green pattern adds subtle character while staying refined enough for formal dress. Material: 100% Silk · Colour: Sage Green · Size: 6" x 48" (one size, self-tie)	https://threaditionz.co.uk/product/wings-of-courage-air-force-silk-cravat	https://cdn.shopify.com/s/files/1/0688/1745/3281/files/wings-of-courage-air-force-silk-cravat_onbody.png?v=1780233870	https://cdn.shopify.com/s/files/1/0688/1745/3281/files/wings-of-courage-air-force-silk-cravat_drape.png?v=1780233875,https://cdn.shopify.com/s/files/1/0688/1745/3281/files/WINGSOFCOURAGEAIRFORCESILKCRAVAT.jpg?v=1719832730,https://cdn.shopify.com/s/files/1/0688/1745/3281/files/WINGSOFCOURAGEAIRFORCESILKPOCKETSQUARE.jpg?v=1719832730	in_stock	49.00 GBP	42.90 GBP	Threaditionz	new	Apparel & Accessories > Clothing Accessories > Neckties	Cravat	TH240009CR			
TH240010CR	White Black Tartan Silk Cravat	The White Black Tartan Silk Cravat from Threaditionz is a men's silk cravat in white-silver silk printed with a black Moroccan quatrefoil trellis lattice - crisp geometric. Ideal for weddings, formal events and summer looks — the white pattern adds subtle character while staying refined enough for formal dress. Material: 100% Silk · Colour: White · Size: 6" x 48" (one size, self-tie)	https://threaditionz.co.uk/product/white-black-tartan-silk-cravat	https://cdn.shopify.com/s/files/1/0688/1745/3281/files/white-black-tartan-silk-cravat_onbody.png?v=1780233881	https://cdn.shopify.com/s/files/1/0688/1745/3281/files/white-black-tartan-silk-cravat_drape.png?v=1780233886,https://cdn.shopify.com/s/files/1/0688/1745/3281/files/WHITEBLACKTARTANSILKCRAVAT.jpg?v=1719832734,https://cdn.shopify.com/s/files/1/0688/1745/3281/files/WHITEBLACKTARTANSILKPOCKETSQUARE_5bd3f909-e6e8-4119-92d5-1192fc160940.jpg?v=1719832734	in_stock	49.00 GBP	42.90 GBP	Threaditionz	new	Apparel & Accessories > Clothing Accessories > Neckties	Cravat	TH240010CR			
TH240011CR	Vintage Brown Silk Cravat	The Vintage Brown Silk Cravat from Threaditionz is a men's silk cravat in brown silk with a tonal Art-Nouveau foliage damask - vintage warmth. Ideal for weddings, autumn events and business wear — the brown pattern adds subtle character while staying refined enough for formal dress. Material: 100% Silk · Colour: Brown · Size: 6" x 48" (one size, self-tie)	https://threaditionz.co.uk/product/vintage-brown-silk-cravat	https://cdn.shopify.com/s/files/1/0688/1745/3281/files/vintage-brown-silk-cravat_onbody.png?v=1780233891	https://cdn.shopify.com/s/files/1/0688/1745/3281/files/vintage-brown-silk-cravat_drape.png?v=1780233896,https://cdn.shopify.com/s/files/1/0688/1745/3281/files/VINTAGEBROWNSILKCRAVAT.jpg?v=1719832738,https://cdn.shopify.com/s/files/1/0688/1745/3281/files/VINTAGEBROWNSILKPOCKETSQUARE_c580a14b-96df-4b39-8990-15caf1ab27d3.jpg?v=1719832738	in_stock	49.00 GBP	42.90 GBP	Threaditionz	new	Apparel & Accessories > Clothing Accessories > Neckties	Cravat	TH240011CR			
TH240012CR	The Pink Tea Party Silk Cravat	The Pink Tea Party Silk Cravat from Threaditionz is a men's silk cravat in soft pink-lilac silk with small gold floret dots - garden-party charm. Ideal for spring/summer weddings, garden parties and daytime events — the pink pattern adds subtle character while staying refined enough for formal dress. Material: 100% Silk · Colour: Pink · Size: 6" x 48" (one size, self-tie)	https://threaditionz.co.uk/product/the-pink-tea-party-silk-cravat	https://cdn.shopify.com/s/files/1/0688/1745/3281/files/the-pink-tea-party-silk-cravat_onbody.png?v=1780233902	https://cdn.shopify.com/s/files/1/0688/1745/3281/files/the-pink-tea-party-silk-cravat_drape.png?v=1780233907,https://cdn.shopify.com/s/files/1/0688/1745/3281/files/THEPINKTEAPARTYSILKCRAVAT.jpg?v=1719832742,https://cdn.shopify.com/s/files/1/0688/1745/3281/files/THEPINKTEAPARTYSILKPOCKETSQUARE_2c72c970-9da6-45a7-ad7c-e2d7d553b89a.jpg?v=1719832742	in_stock	49.00 GBP	42.90 GBP	Threaditionz	new	Apparel & Accessories > Clothing Accessories > Neckties	Cravat	TH240012CR			
TH240013CR	The Festive Pink Silk Cravat	The Festive Pink Silk Cravat from Threaditionz is a men's silk cravat in a clean blush-pink silk with a subtle micro-texture - soft solid versatility. Ideal for weddings, spring events and daytime — its clean blush pink tone is easy to match and adds a polished finishing touch without competing with your outfit. Material: 100% Silk · Colour: Blush Pink · Size: 6" x 48" (one size, self-tie)	https://threaditionz.co.uk/product/the-festive-pink-silk-cravat	https://cdn.shopify.com/s/files/1/0688/1745/3281/files/the-festive-pink-silk-cravat_onbody.png?v=1780233913	https://cdn.shopify.com/s/files/1/0688/1745/3281/files/the-festive-pink-silk-cravat_drape.png?v=1780233920,https://cdn.shopify.com/s/files/1/0688/1745/3281/files/THEFESTIVEPINKSILKCRAVAT.jpg?v=1719832746,https://cdn.shopify.com/s/files/1/0688/1745/3281/files/THEFESTIVEPINKSILKPOCKETSQUARE_e8aa9735-4368-4698-8d99-80c64ac7c25b.jpg?v=1719832746	in_stock	49.00 GBP	42.90 GBP	Threaditionz	new	Apparel & Accessories > Clothing Accessories > Neckties	Cravat	TH240013CR			
sunny-foliage-silk-cravat	Sunny Foliage Silk Cravat	The Sunny Foliage Silk Cravat from Threaditionz is a men's silk cravat in bright yellow silk with a tonal foliage-leaf print - sunny and uplifting. Ideal for summer events, festive looks and daytime weddings — the bold yellow design works as a confident statement piece that lifts a plain suit. Material: 100% Silk · Colour: Yellow · Size: 6" x 48" (one size, self-tie)	https://threaditionz.co.uk/product/sunny-foliage-silk-cravat	https://cdn.shopify.com/s/files/1/0688/1745/3281/files/sunny-foliage-silk-cravat_onbody.png?v=1780233927	https://cdn.shopify.com/s/files/1/0688/1745/3281/files/sunny-foliage-silk-cravat_drape.png?v=1780233932,https://cdn.shopify.com/s/files/1/0688/1745/3281/files/SUNNYFOLIAGESILKCRAVAT.jpg?v=1719832754,https://cdn.shopify.com/s/files/1/0688/1745/3281/files/SUNNYFOLIAGESILKPOCKETSQUARE_7c3bbb74-1069-44b8-aa39-6eb2335b6bd9.jpg?v=1719832754	in_stock	49.00 GBP	42.90 GBP	Threaditionz	new	Apparel & Accessories > Clothing Accessories > Neckties	Cravat			no	
TH240004CR	Spring Soul Silk Cravat (Special Edition)	The Spring Soul Silk Cravat (Special Edition) from Threaditionz is a men's silk cravat in ivory silk with a delicate multicolour ditsy floral - soft and romantic. Ideal for spring/summer weddings, garden parties and daytime events — the cream multi pattern adds subtle character while staying refined enough for formal dress. Material: 100% Silk · Colour: Cream Multi · Size: 6" x 48" (one size, self-tie)	https://threaditionz.co.uk/product/spring-soul-silk-cravat	https://cdn.shopify.com/s/files/1/0688/1745/3281/files/spring-soul-silk-cravat_onbody.png?v=1780233940	https://cdn.shopify.com/s/files/1/0688/1745/3281/files/spring-soul-silk-cravat_drape.png?v=1780233948,https://cdn.shopify.com/s/files/1/0688/1745/3281/files/SPRINGSOULSILKCRAVAT.jpg?v=1719832758,https://cdn.shopify.com/s/files/1/0688/1745/3281/files/SPRINGSOULSILKPOCKETSQUARE.jpg?v=1719832758	in_stock	42.90 GBP		Threaditionz	new	Apparel & Accessories > Clothing Accessories > Neckties	Cravat	TH240004CR			
TH240015CR	Sapphire Blossom Silk Cravat	The Sapphire Blossom Silk Cravat from Threaditionz is a men's silk cravat in white silk with a sapphire-blue floral blossom print - fresh chinoiserie. Ideal for spring/summer weddings, daytime events and cocktail parties — the white & blue pattern adds subtle character while staying refined enough for formal dress. Material: 100% Silk · Colour: White & Blue · Size: 6" x 48" (one size, self-tie)	https://threaditionz.co.uk/product/sapphire-blossom-silk-cravat	https://cdn.shopify.com/s/files/1/0688/1745/3281/files/sapphire-blossom-silk-cravat_onbody.png?v=1780233952	https://cdn.shopify.com/s/files/1/0688/1745/3281/files/sapphire-blossom-silk-cravat_drape.png?v=1780233958,https://cdn.shopify.com/s/files/1/0688/1745/3281/files/SAPPHIREBLOSSOMSILKCRAVAT.jpg?v=1719832765,https://cdn.shopify.com/s/files/1/0688/1745/3281/files/SAPPHIREBLOSSOMSILKPOCKETSQUARE_2e6a8ecc-c902-476c-a031-cdfa3d0416d4.jpg?v=1719832765	in_stock	49.00 GBP	42.90 GBP	Threaditionz	new	Apparel & Accessories > Clothing Accessories > Neckties	Cravat	TH240015CR			
TH240016CR	Royal Houndstooth Silk Cravat	The Royal Houndstooth Silk Cravat from Threaditionz is a men's silk cravat in bold camel-and-black oversized houndstooth - heritage statement. Ideal for smart-casual, autumn/winter and business wear — the bold camel & black design works as a confident statement piece that lifts a plain suit. Material: 100% Silk · Colour: Camel & Black · Size: 6" x 48" (one size, self-tie)	https://threaditionz.co.uk/product/royal-houndstooth-silk-cravat	https://cdn.shopify.com/s/files/1/0688/1745/3281/files/royal-houndstooth-silk-cravat_onbody.png?v=1780233964	https://cdn.shopify.com/s/files/1/0688/1745/3281/files/royal-houndstooth-silk-cravat_drape.png?v=1780233970,https://cdn.shopify.com/s/files/1/0688/1745/3281/files/ROYALHOUNDSTOOTHSILKCRAVAT.jpg?v=1719832769,https://cdn.shopify.com/s/files/1/0688/1745/3281/files/ROYALHOUNDSTOOTHSILKPOCKETSQUARE_99e8b205-8458-4a7b-8efb-dd7987b6b4ff.jpg?v=1719832769	in_stock	49.00 GBP	42.90 GBP	Threaditionz	new	Apparel & Accessories > Clothing Accessories > Neckties	Cravat	TH240016CR			
TH240017CR	Red White Tartan Silk Cravat	The Red White Tartan Silk Cravat from Threaditionz is a men's silk cravat in red silk printed with a white Moroccan quatrefoil trellis lattice - refined geometric. Ideal for weddings, festive events and formal looks — the red pattern adds subtle character while staying refined enough for formal dress. Material: 100% Silk · Colour: Red · Size: 6" x 48" (one size, self-tie)	https://threaditionz.co.uk/product/red-white-tartan-silk-cravat	https://cdn.shopify.com/s/files/1/0688/1745/3281/files/red-white-tartan-silk-cravat_onbody.png?v=1780233978	https://cdn.shopify.com/s/files/1/0688/1745/3281/files/red-white-tartan-silk-cravat_drape.png?v=1780233981,https://cdn.shopify.com/s/files/1/0688/1745/3281/files/REDWHITETARTANSILKCRAVAT.jpg?v=1719832774,https://cdn.shopify.com/s/files/1/0688/1745/3281/files/REDWHITETARTANSILKPOCKETSQUARE_e40bd8cd-441e-4bd5-815e-b64fd15c8653.jpg?v=1719832774	in_stock	49.00 GBP	42.90 GBP	Threaditionz	new	Apparel & Accessories > Clothing Accessories > Neckties	Cravat	TH240017CR			
purple-quadruple-polka-silk-cravat	Purple Quadruple Polka Silk Cravat	The Purple Quadruple Polka Silk Cravat from Threaditionz is a men's silk cravat in purple silk with a neat lilac four-dot cluster foulard - regal and refined. Ideal for weddings, formal events and evening wear — the purple pattern adds subtle character while staying refined enough for formal dress. Material: 100% Silk · Colour: Purple · Size: 6" x 48" (one size, self-tie)	https://threaditionz.co.uk/product/purple-quadruple-polka-silk-cravat	https://cdn.shopify.com/s/files/1/0688/1745/3281/files/purple-quadruple-polka-silk-cravat_onbody.png?v=1780233988	https://cdn.shopify.com/s/files/1/0688/1745/3281/files/purple-quadruple-polka-silk-cravat_drape.png?v=1780233993,https://cdn.shopify.com/s/files/1/0688/1745/3281/files/PURPLEQUADRUPLEPOLKASILKCRAVAT.jpg?v=1719832778,https://cdn.shopify.com/s/files/1/0688/1745/3281/files/PURPLEQUADRUPLEPOLKASILKPOCKETSQUARE.jpg?v=1719832778	in_stock	49.00 GBP	42.90 GBP	Threaditionz	new	Apparel & Accessories > Clothing Accessories > Neckties	Cravat			no	
patron-de-damasco-antiguo-silk-cravat	PatróN De Damasco Antiguo Silk Cravat	The Patrón De Damasco Antiguo Silk Cravat from Threaditionz is a men's silk cravat in coral-salmon silk with an antique navy damask scroll - vintage opulence. Ideal for weddings, festive events and evening wear — the bold coral & navy design works as a confident statement piece that lifts a plain suit. Material: 100% Silk · Colour: Coral & Navy · Size: 6" x 48" (one size, self-tie)	https://threaditionz.co.uk/product/patron-de-damasco-antiguo-silk-cravat	https://cdn.shopify.com/s/files/1/0688/1745/3281/files/patron-de-damasco-antiguo-silk-cravat_onbody.png?v=1780234000	https://cdn.shopify.com/s/files/1/0688/1745/3281/files/patron-de-damasco-antiguo-silk-cravat_drape.png?v=1780234006,https://cdn.shopify.com/s/files/1/0688/1745/3281/files/PATRONDEDAMASCOANTIGUOSILKCRAVAT.jpg?v=1719832783,https://cdn.shopify.com/s/files/1/0688/1745/3281/files/PATRONDEDAMASCOANTIGUOSILKPOCKETSQUARE.jpg?v=1719832783	in_stock	49.00 GBP	42.90 GBP	Threaditionz	new	Apparel & Accessories > Clothing Accessories > Neckties	Cravat			no	
navy-valour-anchor-silk-cravat	Navy Valour Anchor Silk Cravat	The Navy Valour Anchor Silk Cravat from Threaditionz is a men's silk cravat in navy silk with a tiny white anchor micro-print - smart maritime. Ideal for weddings, business wear and summer events — the navy pattern adds subtle character while staying refined enough for formal dress. Material: 100% Silk · Colour: Navy · Size: 6" x 48" (one size, self-tie)	https://threaditionz.co.uk/product/navy-valour-anchor-silk-cravat	https://cdn.shopify.com/s/files/1/0688/1745/3281/files/navy-valour-anchor-silk-cravat_onbody.png?v=1780234012	https://cdn.shopify.com/s/files/1/0688/1745/3281/files/navy-valour-anchor-silk-cravat_drape.png?v=1780234018,https://cdn.shopify.com/s/files/1/0688/1745/3281/files/NAVYVALOURANCHORSILKCRAVAT.jpg?v=1719832787,https://cdn.shopify.com/s/files/1/0688/1745/3281/files/NAVYVALOURANCHORSILKPOCKETSQUARE.jpg?v=1719832787	in_stock	49.00 GBP	42.90 GBP	Threaditionz	new	Apparel & Accessories > Clothing Accessories > Neckties	Cravat			no	
minty-fish-shoal-silk-cravat	Minty Fish Shoal Silk Cravat	The Minty Fish Shoal Silk Cravat from Threaditionz is a men's silk cravat in mint-and-white silk scattered with a tiny gold fish-shoal motif - playful coastal charm. Ideal for summer events, smart-casual and daytime weddings — the mint pattern adds subtle character while staying refined enough for formal dress. Material: 100% Silk · Colour: Mint · Size: 6" x 48" (one size, self-tie)	https://threaditionz.co.uk/product/minty-fish-shoal-silk-cravat	https://cdn.shopify.com/s/files/1/0688/1745/3281/files/minty-fish-shoal-silk-cravat_onbody.png?v=1780234024	https://cdn.shopify.com/s/files/1/0688/1745/3281/files/minty-fish-shoal-silk-cravat_drape.png?v=1780234030,https://cdn.shopify.com/s/files/1/0688/1745/3281/files/MINTYFISHSHOALSILKCRAVAT.jpg?v=1719832792,https://cdn.shopify.com/s/files/1/0688/1745/3281/files/MINTYFISHSHOALSILKPOCKETSQUARE.jpg?v=1719832792	in_stock	49.00 GBP	42.90 GBP	Threaditionz	new	Apparel & Accessories > Clothing Accessories > Neckties	Cravat			no	
maroon-white-tartan-silk-cravat	Maroon White Tartan Silk Cravat	The Maroon White Tartan Silk Cravat from Threaditionz is a men's silk cravat in maroon silk printed with a white Moroccan quatrefoil trellis lattice - refined geometric. Ideal for weddings, business wear and formal events — the maroon pattern adds subtle character while staying refined enough for formal dress. Material: 100% Silk · Colour: Maroon · Size: 6" x 48" (one size, self-tie)	https://threaditionz.co.uk/product/maroon-white-tartan-silk-cravat	https://cdn.shopify.com/s/files/1/0688/1745/3281/files/maroon-white-tartan-silk-cravat_onbody.png?v=1780234037	https://cdn.shopify.com/s/files/1/0688/1745/3281/files/maroon-white-tartan-silk-cravat_drape.png?v=1780234042,https://cdn.shopify.com/s/files/1/0688/1745/3281/files/MAROONWHITETARTANSILKCRAVAT.jpg?v=1719832796,https://cdn.shopify.com/s/files/1/0688/1745/3281/files/MAROONWHITETARTANSILKPOCKETSQUARE.jpg?v=1719832796	in_stock	49.00 GBP	42.90 GBP	Threaditionz	new	Apparel & Accessories > Clothing Accessories > Neckties	Cravat			no	
kaleidoscopic-geometric-fusion-silk-cravat	Kaleidoscopic Geometric Fusion Silk Cravat	The Kaleidoscopic Geometric Fusion Silk Cravat from Threaditionz is a men's silk cravat in cream silk with a fine multicolour kaleidoscopic geometric-floral micro-print - intricate and versatile. Ideal for weddings, smart-casual and daytime events — the cream multi pattern adds subtle character while staying refined enough for formal dress. Material: 100% Silk · Colour: Cream Multi · Size: 6" x 48" (one size, self-tie)	https://threaditionz.co.uk/product/kaleidoscopic-geometric-fusion-silk-cravat	https://cdn.shopify.com/s/files/1/0688/1745/3281/files/kaleidoscopic-geometric-fusion-silk-cravat_onbody.png?v=1780234048	https://cdn.shopify.com/s/files/1/0688/1745/3281/files/kaleidoscopic-geometric-fusion-silk-cravat_drape.png?v=1780234054,https://cdn.shopify.com/s/files/1/0688/1745/3281/files/KALEIDOSCOPICGEOMETRICFUSIONSILKCRAVAT.jpg?v=1719832800,https://cdn.shopify.com/s/files/1/0688/1745/3281/files/KALEIDOSCOPICGEOMETRICFUSIONSILKPOCKETSQUARE.jpg?v=1719832800	in_stock	49.00 GBP	42.90 GBP	Threaditionz	new	Apparel & Accessories > Clothing Accessories > Neckties	Cravat			no	
houndstooth-silk-cravat	Houndstooth Silk Cravat	The Houndstooth Silk Cravat from Threaditionz is a men's silk cravat in crisp black-and-white classic houndstooth - heritage tailoring. Ideal for business wear, smart-casual and autumn/winter — the bold black & white design works as a confident statement piece that lifts a plain suit. Material: 100% Silk · Colour: Black & White · Size: 6" x 48" (one size, self-tie)	https://threaditionz.co.uk/product/houndstooth-silk-cravat	https://cdn.shopify.com/s/files/1/0688/1745/3281/files/houndstooth-silk-cravat_onbody.png?v=1780234062	https://cdn.shopify.com/s/files/1/0688/1745/3281/files/houndstooth-silk-cravat_drape.png?v=1780234066,https://cdn.shopify.com/s/files/1/0688/1745/3281/files/HOUNDSTOOTHSILKCRAVAT.jpg?v=1719832804,https://cdn.shopify.com/s/files/1/0688/1745/3281/files/HOUNDSTOOTHSILKPOCKETSQUARE.jpg?v=1719832804	in_stock	49.00 GBP	42.90 GBP	Threaditionz	new	Apparel & Accessories > Clothing Accessories > Neckties	Cravat			no	
double-dotted-maroon-silk-cravat	Double Dotted Maroon Silk Cravat	The Double Dotted Maroon Silk Cravat from Threaditionz is a men's silk cravat in rich maroon silk with a white double pin-dot foulard - classic warmth. Ideal for weddings, autumn events and business wear — the maroon pattern adds subtle character while staying refined enough for formal dress. Material: 100% Silk · Colour: Maroon · Size: 6" x 48" (one size, self-tie)	https://threaditionz.co.uk/product/double-dotted-maroon-silk-cravat	https://cdn.shopify.com/s/files/1/0688/1745/3281/files/double-dotted-maroon-silk-cravat_onbody.png?v=1780234072	https://cdn.shopify.com/s/files/1/0688/1745/3281/files/double-dotted-maroon-silk-cravat_drape.png?v=1780234080,https://cdn.shopify.com/s/files/1/0688/1745/3281/files/DOUBLEDOTTEDMAROONSILKCRAVAT.jpg?v=1719832808,https://cdn.shopify.com/s/files/1/0688/1745/3281/files/DOUBLEDOTTEDMAROONSILKPOCKETSQUARE.jpg?v=1719832808	in_stock	49.00 GBP	42.90 GBP	Threaditionz	new	Apparel & Accessories > Clothing Accessories > Neckties	Cravat			no	
diamond-maze-silk-cravat	Diamond Maze Silk Cravat	The Diamond Maze Silk Cravat from Threaditionz is a men's silk cravat in navy silk layered with an ornate gold, teal and red geometric medallion maze - opulent and intricate. Ideal for weddings, festive events and statement looks — the bold navy & gold design works as a confident statement piece that lifts a plain suit. Material: 100% Silk · Colour: Navy & Gold · Size: 6" x 48" (one size, self-tie)	https://threaditionz.co.uk/product/diamond-maze-silk-cravat	https://cdn.shopify.com/s/files/1/0688/1745/3281/files/diamond-maze-silk-cravat_onbody.png?v=1780234084	https://cdn.shopify.com/s/files/1/0688/1745/3281/files/diamond-maze-silk-cravat_drape.png?v=1780234090,https://cdn.shopify.com/s/files/1/0688/1745/3281/files/DIAMONDMAZESILKCRAVAT.jpg?v=1719832813,https://cdn.shopify.com/s/files/1/0688/1745/3281/files/DIAMONDMAZESILKPOCKETSQUARE.jpg?v=1719832813	in_stock	49.00 GBP	42.90 GBP	Threaditionz	new	Apparel & Accessories > Clothing Accessories > Neckties	Cravat			no	
blue-white-tartan-silk-cravat	Blue White Tartan Silk Cravat	The Blue White Tartan Silk Cravat from Threaditionz is a men's silk cravat in navy-indigo silk printed with a white Moroccan quatrefoil trellis lattice - refined geometric. Ideal for weddings, business wear and formal events — the navy pattern adds subtle character while staying refined enough for formal dress. Material: 100% Silk · Colour: Navy · Size: 6" x 48" (one size, self-tie)	https://threaditionz.co.uk/product/blue-white-tartan-silk-cravat	https://cdn.shopify.com/s/files/1/0688/1745/3281/files/blue-white-tartan-silk-cravat_onbody.png?v=1780234097	https://cdn.shopify.com/s/files/1/0688/1745/3281/files/blue-white-tartan-silk-cravat_drape.png?v=1780234102,https://cdn.shopify.com/s/files/1/0688/1745/3281/files/BLUEWHITETARTANSILKCRAVAT.jpg?v=1719832817,https://cdn.shopify.com/s/files/1/0688/1745/3281/files/BLUEWHITETARTANSILKPOCKETSQUARE.jpg?v=1719832817	in_stock	49.00 GBP	42.90 GBP	Threaditionz	new	Apparel & Accessories > Clothing Accessories > Neckties	Cravat			no	
black-with-white-polka-silk-cravat	Black With White Polka Silk Cravat	The Black With White Polka Silk Cravat from Threaditionz is a men's silk cravat in black silk with a fine white pin-dot print - timeless black-tie polish. Ideal for black-tie events, weddings and formal events — the black pattern adds subtle character while staying refined enough for formal dress. Material: 100% Silk · Colour: Black · Size: 6" x 48" (one size, self-tie)	https://threaditionz.co.uk/product/black-with-white-polka-silk-cravat	https://cdn.shopify.com/s/files/1/0688/1745/3281/files/black-with-white-polka-silk-cravat_onbody.png?v=1780234109	https://cdn.shopify.com/s/files/1/0688/1745/3281/files/black-with-white-polka-silk-cravat_drape.png?v=1780234115,https://cdn.shopify.com/s/files/1/0688/1745/3281/files/BLACKWITHWHITEPOLKASILKCRAVAT.jpg?v=1719832820,https://cdn.shopify.com/s/files/1/0688/1745/3281/files/BLACKWITHWHITEPOLKASILKPOCKETSQUARE.jpg?v=1719832820	in_stock	49.00 GBP	42.90 GBP	Threaditionz	new	Apparel & Accessories > Clothing Accessories > Neckties	Cravat			no	
black-with-pink-polka-silk-cravat	Black With Pink Polka Silk Cravat	The Black With Pink Polka Silk Cravat from Threaditionz is a men's silk cravat in black silk covered in a neat pink-and-white pin-dot foulard - classic with a pop of colour. Ideal for weddings, formal events and evening wear — the black pattern adds subtle character while staying refined enough for formal dress. Material: 100% Silk · Colour: Black · Size: 6" x 48" (one size, self-tie)	https://threaditionz.co.uk/product/black-with-pink-polka-silk-cravat	https://cdn.shopify.com/s/files/1/0688/1745/3281/files/black-with-pink-polka-silk-cravat_onbody.png?v=1780234122	https://cdn.shopify.com/s/files/1/0688/1745/3281/files/black-with-pink-polka-silk-cravat_drape.png?v=1780234128,https://cdn.shopify.com/s/files/1/0688/1745/3281/files/BLACKWITHPINKPOLKASILKCRAVAT.jpg?v=1719832825,https://cdn.shopify.com/s/files/1/0688/1745/3281/files/BLACKWITHPINKPOLKASILKPOCKETSQUARE.jpg?v=1719832825	in_stock	49.00 GBP	42.90 GBP	Threaditionz	new	Apparel & Accessories > Clothing Accessories > Neckties	Cravat			no	
aqua-botanical-bliss-silk-cravat	Aqua Botanical Bliss Silk Cravat	The Aqua Botanical Bliss Silk Cravat from Threaditionz is a men's silk cravat in bright aqua-turquoise silk patterned with a gold Art-Deco palmette and fan motif - Art-Deco botanical. Ideal for weddings, summer events and cocktail parties — the aqua pattern adds subtle character while staying refined enough for formal dress. Material: 100% Silk · Colour: Aqua · Size: 6" x 48" (one size, self-tie)	https://threaditionz.co.uk/product/aqua-botanical-bliss-silk-cravat	https://cdn.shopify.com/s/files/1/0688/1745/3281/files/aqua-botanical-bliss-silk-cravat_onbody.png?v=1780234140	https://cdn.shopify.com/s/files/1/0688/1745/3281/files/aqua-botanical-bliss-silk-cravat_drape.png?v=1780234146,https://cdn.shopify.com/s/files/1/0688/1745/3281/files/AQUABOTANICALBLISSSILKCRAVAT.jpg?v=1719832829,https://cdn.shopify.com/s/files/1/0688/1745/3281/files/AQUABOTANICALBLISSSILKPOCKETSQUARE.jpg?v=1719832829	in_stock	49.00 GBP	42.90 GBP	Threaditionz	new	Apparel & Accessories > Clothing Accessories > Neckties	Cravat			no	
anchored-navy-pride-silk-cravat	Anchored Navy Pride Silk Cravat	The Anchored Navy Pride Silk Cravat from Threaditionz is a men's silk cravat in muted sage-olive silk scattered with a tiny ivory anchor-and-paisley foulard print - understated maritime heritage. Ideal for weddings, formal events and business wear — the sage green pattern adds subtle character while staying refined enough for formal dress. Material: 100% Silk · Colour: Sage Green · Size: 6" x 48" (one size, self-tie)	https://threaditionz.co.uk/product/anchored-navy-pride-silk-cravat	https://cdn.shopify.com/s/files/1/0688/1745/3281/files/anchored-navy-pride-silk-cravat_onbody.png?v=1780234152	https://cdn.shopify.com/s/files/1/0688/1745/3281/files/anchored-navy-pride-silk-cravat_drape.png?v=1780234158,https://cdn.shopify.com/s/files/1/0688/1745/3281/files/ANCHOREDNAVYPRIDESILKCRAVAT.jpg?v=1719832833,https://cdn.shopify.com/s/files/1/0688/1745/3281/files/ANCHOREDNAVYPRIDESILKPOCKETSQUARE.jpg?v=1719832833	in_stock	49.00 GBP	42.90 GBP	Threaditionz	new	Apparel & Accessories > Clothing Accessories > Neckties	Cravat			no	
TH240027SC	Red White Tartan Silk Scarf	The Red White Tartan Silk Scarf from Threaditionz is a men's silk scarf in red silk printed with a white Moroccan quatrefoil trellis lattice - refined geometric. Ideal for weddings, festive events and formal looks — the red pattern adds subtle character while staying refined enough for formal dress. Material: 100% Silk · Colour: Red · Size: 8" x 56"	https://threaditionz.co.uk/product/red-white-tartan-silk-scarf	https://cdn.shopify.com/s/files/1/0688/1745/3281/files/red-white-tartan-silk-scarf_onbody.png?v=1780234166	https://cdn.shopify.com/s/files/1/0688/1745/3281/files/red-white-tartan-silk-scarf_drape.png?v=1780234171,https://cdn.shopify.com/s/files/1/0688/1745/3281/files/REDWHITETARTANSILKSCARF.jpg?v=1719832838,https://cdn.shopify.com/s/files/1/0688/1745/3281/files/REDWHITETARTANSILKPOCKETSQUARE.jpg?v=1719832838	in_stock	63.00 GBP		Threaditionz	new	Apparel & Accessories > Clothing Accessories > Scarves & Shawls	Scarf	TH240027SC			
TH240028SC	Royal Houndstooth Silk Scarf	The Royal Houndstooth Silk Scarf from Threaditionz is a men's silk scarf in bold camel-and-black oversized houndstooth - heritage statement. Ideal for smart-casual, autumn/winter and business wear — the bold camel & black design works as a confident statement piece that lifts a plain suit. Material: 100% Silk · Colour: Camel & Black · Size: 8" x 56"	https://threaditionz.co.uk/product/royal-houndstooth-silk-scarf	https://cdn.shopify.com/s/files/1/0688/1745/3281/files/royal-houndstooth-silk-scarf_onbody.png?v=1780234176	https://cdn.shopify.com/s/files/1/0688/1745/3281/files/royal-houndstooth-silk-scarf_drape.png?v=1780234182,https://cdn.shopify.com/s/files/1/0688/1745/3281/files/houndstooth2.jpg?v=1719832845,https://cdn.shopify.com/s/files/1/0688/1745/3281/files/royalhoundstooth.webp?v=1719832845	in_stock	63.00 GBP		Threaditionz	new	Apparel & Accessories > Clothing Accessories > Scarves & Shawls	Scarf	TH240028SC			
TH240029SC	Sapphire Blossom Silk Scarf	The Sapphire Blossom Silk Scarf from Threaditionz is a men's silk scarf in white silk with a sapphire-blue floral blossom print - fresh chinoiserie. Ideal for spring/summer weddings, daytime events and cocktail parties — the white & blue pattern adds subtle character while staying refined enough for formal dress. Material: 100% Silk · Colour: White & Blue · Size: 8" x 56"	https://threaditionz.co.uk/product/sapphire-blossom-silk-scarf	https://cdn.shopify.com/s/files/1/0688/1745/3281/files/sapphire-blossom-silk-scarf_onbody.png?v=1780234187	https://cdn.shopify.com/s/files/1/0688/1745/3281/files/sapphire-blossom-silk-scarf_drape.png?v=1780234196,https://cdn.shopify.com/s/files/1/0688/1745/3281/files/SAPPHIREBLOSSOMSILKSCARF.jpg?v=1719832851,https://cdn.shopify.com/s/files/1/0688/1745/3281/files/SAPPHIREBLOSSOMSILKPOCKETSQUARE.jpg?v=1719832851	in_stock	63.00 GBP		Threaditionz	new	Apparel & Accessories > Clothing Accessories > Scarves & Shawls	Scarf	TH240029SC			
TH240030SC	Sunny Foliage Silk Scarf	The Sunny Foliage Silk Scarf from Threaditionz is a men's silk scarf in bright yellow silk with a tonal foliage-leaf print - sunny and uplifting. Ideal for summer events, festive looks and daytime weddings — the bold yellow design works as a confident statement piece that lifts a plain suit. Material: 100% Silk · Colour: Yellow · Size: 8" x 56"	https://threaditionz.co.uk/product/sunny-foliage-silk-scarf	https://cdn.shopify.com/s/files/1/0688/1745/3281/files/sunny-foliage-silk-scarf_onbody.png?v=1780234198	https://cdn.shopify.com/s/files/1/0688/1745/3281/files/sunny-foliage-silk-scarf_drape.png?v=1780234204,https://cdn.shopify.com/s/files/1/0688/1745/3281/files/SUNNYFOLIAGESILkSCARF.jpg?v=1719832860,https://cdn.shopify.com/s/files/1/0688/1745/3281/files/SUNNYFOLIAGESILkPOCKETSQUARE.jpg?v=1719832860	in_stock	63.00 GBP		Threaditionz	new	Apparel & Accessories > Clothing Accessories > Scarves & Shawls	Scarf	TH240030SC			
TH240032SC	The Festive Pink Silk Scarf	The Festive Pink Silk Scarf from Threaditionz is a men's silk scarf in a clean blush-pink silk with a subtle micro-texture - soft solid versatility. Ideal for weddings, spring events and daytime — its clean blush pink tone is easy to match and adds a polished finishing touch without competing with your outfit. Material: 100% Silk · Colour: Blush Pink · Size: 8" x 56"	https://threaditionz.co.uk/product/the-festive-pink-silk-scarf	https://cdn.shopify.com/s/files/1/0688/1745/3281/files/the-festive-pink-silk-scarf_onbody.png?v=1780234210	https://cdn.shopify.com/s/files/1/0688/1745/3281/files/the-festive-pink-silk-scarf_drape.png?v=1780234218,https://cdn.shopify.com/s/files/1/0688/1745/3281/files/THEFESTIVEPINKSILKSCARF.jpg?v=1719832868,https://cdn.shopify.com/s/files/1/0688/1745/3281/files/THEFESTIVEPINKSILKPOCKETSQUARE.jpg?v=1719832868	in_stock	63.00 GBP		Threaditionz	new	Apparel & Accessories > Clothing Accessories > Scarves & Shawls	Scarf	TH240032SC			
TH240035SC	White Black Tartan Silk Scarf	The White Black Tartan Silk Scarf from Threaditionz is a men's silk scarf in white-silver silk printed with a black Moroccan quatrefoil trellis lattice - crisp geometric. Ideal for weddings, formal events and summer looks — the white pattern adds subtle character while staying refined enough for formal dress. Material: 100% Silk · Colour: White · Size: 8" x 56"	https://threaditionz.co.uk/product/white-black-tartan-silk-scarf	https://cdn.shopify.com/s/files/1/0688/1745/3281/files/white-black-tartan-silk-scarf_onbody.png?v=1780234226	https://cdn.shopify.com/s/files/1/0688/1745/3281/files/white-black-tartan-silk-scarf_drape.png?v=1780234231,https://cdn.shopify.com/s/files/1/0688/1745/3281/files/WHITEBLACKTARTANSILKSCARF.jpg?v=1719832882,https://cdn.shopify.com/s/files/1/0688/1745/3281/files/WHITEBLACKTARTANSILKPOCKETSQUARE.jpg?v=1719832882	in_stock	63.00 GBP		Threaditionz	new	Apparel & Accessories > Clothing Accessories > Scarves & Shawls	Scarf	TH240035SC			
TH240037SC	Yellow With Black Polka Silk Scarf	The Yellow With Black Polka Silk Scarf from Threaditionz is a men's silk scarf in bright yellow silk with fine black pin-dots - bold and cheerful. Ideal for smart-casual, parties and summer events — the bold yellow design works as a confident statement piece that lifts a plain suit. Material: 100% Silk · Colour: Yellow · Size: 8" x 56"	https://threaditionz.co.uk/product/yellow-with-black-polka-silk-scarf	https://cdn.shopify.com/s/files/1/0688/1745/3281/files/yellow-with-black-polka-silk-scarf_onbody.png?v=1780234237	https://cdn.shopify.com/s/files/1/0688/1745/3281/files/yellow-with-black-polka-silk-scarf_drape.png?v=1780234243,https://cdn.shopify.com/s/files/1/0688/1745/3281/files/YELLOWWITHBLACKPOLKASILKSCARF.jpg?v=1719832891,https://cdn.shopify.com/s/files/1/0688/1745/3281/files/YELLOWWITHBLACKPOLKASILKPOCKETSQUARE.jpg?v=1719832891	in_stock	63.00 GBP		Threaditionz	new	Apparel & Accessories > Clothing Accessories > Scarves & Shawls	Scarf	TH240037SC			
green-jamawar-festive-cravat	Green Festive Cravat	The Green Festive Cravat from Threaditionz is a men's silk cravat in emerald-green jamawar silk with a tonal woven paisley-medallion brocade - festive South-Asian luxury. Ideal for weddings, mehndi & festive wear and Eid — the bold emerald green design works as a confident statement piece that lifts a plain suit. Material: 100% Silk · Colour: Emerald Green · Size: 6" x 48" (one size, self-tie)	https://threaditionz.co.uk/product/green-jamawar-festive-cravat	https://cdn.shopify.com/s/files/1/0688/1745/3281/files/green-jamawar-festive-cravat_onbody.png?v=1780234251	https://cdn.shopify.com/s/files/1/0688/1745/3281/files/green-jamawar-festive-cravat_drape.png?v=1780234256,https://cdn.shopify.com/s/files/1/0688/1745/3281/files/4-6.jpg?v=1719832895,https://cdn.shopify.com/s/files/1/0688/1745/3281/files/4-5.jpg?v=1719832895,https://cdn.shopify.com/s/files/1/0688/1745/3281/files/4-7.jpg?v=1719832895	in_stock	49.00 GBP	32.90 GBP	Threaditionz	new	Apparel & Accessories > Clothing Accessories > Neckties	Cravat			no	
royal-blue-jamawar-festive-cravat	Royal Blue Festive Cravat	The Royal Blue Festive Cravat from Threaditionz is a men's silk cravat in royal-blue jamawar silk with a tonal woven paisley brocade - festive South-Asian luxury. Ideal for weddings, mehndi & festive wear and Eid — the bold royal blue design works as a confident statement piece that lifts a plain suit. Material: 100% Silk · Colour: Royal Blue · Size: 6" x 48" (one size, self-tie)	https://threaditionz.co.uk/product/royal-blue-jamawar-festive-cravat	https://cdn.shopify.com/s/files/1/0688/1745/3281/files/royal-blue-jamawar-festive-cravat_onbody.png?v=1780234263	https://cdn.shopify.com/s/files/1/0688/1745/3281/files/royal-blue-jamawar-festive-cravat_drape.png?v=1780234269,https://cdn.shopify.com/s/files/1/0688/1745/3281/files/2-6.jpg?v=1719832905,https://cdn.shopify.com/s/files/1/0688/1745/3281/files/2-5_1.jpg?v=1719832905,https://cdn.shopify.com/s/files/1/0688/1745/3281/files/2-7.jpg?v=1719832905	in_stock	49.00 GBP	32.90 GBP	Threaditionz	new	Apparel & Accessories > Clothing Accessories > Neckties	Cravat			no	
maroon-jamawar-festive-cravat	Maroon Festive Cravat	The Maroon Festive Cravat from Threaditionz is a men's silk cravat in copper-maroon jamawar silk with a tonal woven paisley brocade - festive South-Asian luxury. Ideal for weddings, mehndi & festive wear and Eid — the bold copper maroon design works as a confident statement piece that lifts a plain suit. Material: 100% Silk · Colour: Copper Maroon · Size: 6" x 48" (one size, self-tie)	https://threaditionz.co.uk/product/maroon-jamawar-festive-cravat	https://cdn.shopify.com/s/files/1/0688/1745/3281/files/maroon-jamawar-festive-cravat_onbody.png?v=1780234275	https://cdn.shopify.com/s/files/1/0688/1745/3281/files/maroon-jamawar-festive-cravat_drape.png?v=1780234281,https://cdn.shopify.com/s/files/1/0688/1745/3281/files/1-6.jpg?v=1719832910,https://cdn.shopify.com/s/files/1/0688/1745/3281/files/1-5.jpg?v=1719832910,https://cdn.shopify.com/s/files/1/0688/1745/3281/files/1-7.jpg?v=1719832910	in_stock	49.00 GBP	32.90 GBP	Threaditionz	new	Apparel & Accessories > Clothing Accessories > Neckties	Cravat			no	
aqua-botanical-bliss-silk-scarf-pocket-square-set	Aqua Botanical Bliss Silk Scarf & Pocket Square Set	The Aqua Botanical Bliss Silk Scarf & Pocket Square Set from Threaditionz is a men's silk scarf & pocket square gift set in bright aqua-turquoise silk patterned with a gold Art-Deco palmette and fan motif - Art-Deco botanical. Ideal for weddings, summer events and cocktail parties — the aqua pattern adds subtle character while staying refined enough for formal dress. Material: 100% Silk · Colour: Aqua · Size: Scarf 8" x 56" + pocket square 12" x 12"	https://threaditionz.co.uk/product/aqua-botanical-bliss-silk-scarf-pocket-square-set	https://cdn.shopify.com/s/files/1/0688/1745/3281/files/aqua-botanical-bliss-silk-scarf-pocket-square-set_onbody.png?v=1780234287	https://cdn.shopify.com/s/files/1/0688/1745/3281/files/aqua-botanical-bliss-silk-scarf-pocket-square-set_drape.png?v=1780234293,https://cdn.shopify.com/s/files/1/0688/1745/3281/files/24-5.jpg?v=1719833148,https://cdn.shopify.com/s/files/1/0688/1745/3281/files/24-1_7712aec0-0c32-43a9-bd00-ba5357a54dde.jpg?v=1719833148	in_stock	82.00 GBP	78.00 GBP	Threaditionz	new	Apparel & Accessories > Clothing Accessories > Scarves & Shawls	Pocket Square			no	
TH240024PS	Aqua Botanical Bliss Silk Pocket Square	The Aqua Botanical Bliss Silk Pocket Square from Threaditionz is a men's silk pocket square in bright aqua-turquoise silk patterned with a gold Art-Deco palmette and fan motif - Art-Deco botanical. Ideal for weddings, summer events and cocktail parties — the aqua pattern adds subtle character while staying refined enough for formal dress. Material: 100% Silk · Colour: Aqua · Size: 12" x 12"	https://threaditionz.co.uk/product/aqua-botanical-bliss-silk-pocket-square	https://cdn.shopify.com/s/files/1/0688/1745/3281/files/24-1.jpg?v=1719833156	https://cdn.shopify.com/s/files/1/0688/1745/3281/files/24-2.jpg?v=1719833156,https://cdn.shopify.com/s/files/1/0688/1745/3281/files/24-3.jpg?v=1719833156,https://cdn.shopify.com/s/files/1/0688/1745/3281/files/24-4.jpg?v=1719833156	in_stock	17.00 GBP		Threaditionz	new	Apparel & Accessories > Clothing Accessories > Handkerchiefs	Pocket Square	TH240024PS			
sapphire-blossom-silk-pocket-square	Sapphire Blossom Silk Pocket Square	The Sapphire Blossom Silk Pocket Square from Threaditionz is a men's silk pocket square in white silk with a sapphire-blue floral blossom print - fresh chinoiserie. Ideal for spring/summer weddings, daytime events and cocktail parties — the white & blue pattern adds subtle character while staying refined enough for formal dress. Material: 100% Silk · Colour: White & Blue · Size: 12" x 12"	https://threaditionz.co.uk/product/sapphire-blossom-silk-pocket-square	https://cdn.shopify.com/s/files/1/0688/1745/3281/files/4-1.jpg?v=1719833163	https://cdn.shopify.com/s/files/1/0688/1745/3281/files/4-2.jpg?v=1719833163,https://cdn.shopify.com/s/files/1/0688/1745/3281/files/4-3.jpg?v=1719833163,https://cdn.shopify.com/s/files/1/0688/1745/3281/files/4-4.jpg?v=1719833163	in_stock	17.00 GBP		Threaditionz	new	Apparel & Accessories > Clothing Accessories > Handkerchiefs	Pocket Square			no	
TH240025PS	PatróN De Damasco Antiguo Silk Pocket Square	The Patrón De Damasco Antiguo Silk Pocket Square from Threaditionz is a men's silk pocket square in coral-salmon silk with an antique navy damask scroll - vintage opulence. Ideal for weddings, festive events and evening wear — the bold coral & navy design works as a confident statement piece that lifts a plain suit. Material: 100% Silk · Colour: Coral & Navy · Size: 12" x 12"	https://threaditionz.co.uk/product/patron-de-damasco-antiguo-silk-pocket-square	https://cdn.shopify.com/s/files/1/0688/1745/3281/files/2-1.jpg?v=1719833171	https://cdn.shopify.com/s/files/1/0688/1745/3281/files/2-2.jpg?v=1719833171,https://cdn.shopify.com/s/files/1/0688/1745/3281/files/2-3.jpg?v=1719833171,https://cdn.shopify.com/s/files/1/0688/1745/3281/files/2-4_f08a6d06-9d37-4d0a-9878-5a5d27f731ed.jpg?v=1719833171	in_stock	17.00 GBP		Threaditionz	new	Apparel & Accessories > Clothing Accessories > Handkerchiefs	Pocket Square	TH240025PS			
royal-houndstooth-silk-scarf-pocket-square-set	Royal Houndstooth Silk Scarf & Pocket Square Set	The Royal Houndstooth Silk Scarf & Pocket Square Set from Threaditionz is a men's silk scarf & pocket square gift set in bold camel-and-black oversized houndstooth - heritage statement. Ideal for smart-casual, autumn/winter and business wear — the bold camel & black design works as a confident statement piece that lifts a plain suit. Material: 100% Silk · Colour: Camel & Black · Size: Scarf 8" x 56" + pocket square 12" x 12"	https://threaditionz.co.uk/product/royal-houndstooth-silk-scarf-pocket-square-set	https://cdn.shopify.com/s/files/1/0688/1745/3281/files/royal-houndstooth-silk-scarf-pocket-square-set_onbody.png?v=1780234299	https://cdn.shopify.com/s/files/1/0688/1745/3281/files/royal-houndstooth-silk-scarf-pocket-square-set_drape.png?v=1780234306,https://cdn.shopify.com/s/files/1/0688/1745/3281/files/34-5.jpg?v=1719833178,https://cdn.shopify.com/s/files/1/0688/1745/3281/files/34-1_7dffae7d-23eb-4ee2-8781-07c3074500e5.jpg?v=1719833178	in_stock	82.00 GBP	78.00 GBP	Threaditionz	new	Apparel & Accessories > Clothing Accessories > Scarves & Shawls	Pocket Square			no	
TH240026PS	Royal Houndstooth Silk Pocket Square	The Royal Houndstooth Silk Pocket Square from Threaditionz is a men's silk pocket square in bold camel-and-black oversized houndstooth - heritage statement. Ideal for smart-casual, autumn/winter and business wear — the bold camel & black design works as a confident statement piece that lifts a plain suit. Material: 100% Silk · Colour: Camel & Black · Size: 12" x 12"	https://threaditionz.co.uk/product/royal-houndstooth-silk-pocket-square	https://cdn.shopify.com/s/files/1/0688/1745/3281/files/34-1.jpg?v=1719833185	https://cdn.shopify.com/s/files/1/0688/1745/3281/files/34-2.jpg?v=1719833185,https://cdn.shopify.com/s/files/1/0688/1745/3281/files/34-3.jpg?v=1719833185,https://cdn.shopify.com/s/files/1/0688/1745/3281/files/34-4.jpg?v=1719833185	in_stock	17.00 GBP		Threaditionz	new	Apparel & Accessories > Clothing Accessories > Handkerchiefs	Pocket Square	TH240026PS			
sunny-foliage-silk-scarf-pocket-square-set	Sunny Foliage Silk Scarf & Pocket Square Set	The Sunny Foliage Silk Scarf & Pocket Square Set from Threaditionz is a men's silk scarf & pocket square gift set in bright yellow silk with a tonal foliage-leaf print - sunny and uplifting. Ideal for summer events, festive looks and daytime weddings — the bold yellow design works as a confident statement piece that lifts a plain suit. Material: 100% Silk · Colour: Yellow · Size: Scarf 8" x 56" + pocket square 12" x 12"	https://threaditionz.co.uk/product/sunny-foliage-silk-scarf-pocket-square-set	https://cdn.shopify.com/s/files/1/0688/1745/3281/files/sunny-foliage-silk-scarf-pocket-square-set_onbody.png?v=1780234312	https://cdn.shopify.com/s/files/1/0688/1745/3281/files/sunny-foliage-silk-scarf-pocket-square-set_drape.png?v=1780234318,https://cdn.shopify.com/s/files/1/0688/1745/3281/files/23-5.jpg?v=1719833193,https://cdn.shopify.com/s/files/1/0688/1745/3281/files/23-1_ffa84648-bcc3-4f45-8668-437e43e3db1c.jpg?v=1719833193	in_stock	82.00 GBP	78.00 GBP	Threaditionz	new	Apparel & Accessories > Clothing Accessories > Scarves & Shawls	Pocket Square			no	
sunny-foliage-silk-pocket-square	Sunny Foliage Silk Pocket Square	The Sunny Foliage Silk Pocket Square from Threaditionz is a men's silk pocket square in bright yellow silk with a tonal foliage-leaf print - sunny and uplifting. Ideal for summer events, festive looks and daytime weddings — the bold yellow design works as a confident statement piece that lifts a plain suit. Material: 100% Silk · Colour: Yellow · Size: 12" x 12"	https://threaditionz.co.uk/product/sunny-foliage-silk-pocket-square	https://cdn.shopify.com/s/files/1/0688/1745/3281/files/23-1.jpg?v=1719833201	https://cdn.shopify.com/s/files/1/0688/1745/3281/files/23-2.jpg?v=1719833201,https://cdn.shopify.com/s/files/1/0688/1745/3281/files/23-3.jpg?v=1719833201,https://cdn.shopify.com/s/files/1/0688/1745/3281/files/23-4.jpg?v=1719833201	in_stock	17.00 GBP		Threaditionz	new	Apparel & Accessories > Clothing Accessories > Handkerchiefs	Pocket Square			no	
minty-fish-shoal-silk-scarf-pocket-square-set	Minty Fish Shoal Silk Scarf & Pocket Square Set	The Minty Fish Shoal Silk Scarf & Pocket Square Set from Threaditionz is a men's silk scarf & pocket square gift set in mint-and-white silk scattered with a tiny gold fish-shoal motif - playful coastal charm. Ideal for summer events, smart-casual and daytime weddings — the mint pattern adds subtle character while staying refined enough for formal dress. Material: 100% Silk · Colour: Mint · Size: Scarf 8" x 56" + pocket square 12" x 12"	https://threaditionz.co.uk/product/minty-fish-shoal-silk-scarf-pocket-square-set	https://cdn.shopify.com/s/files/1/0688/1745/3281/files/minty-fish-shoal-silk-scarf-pocket-square-set_onbody.png?v=1780234324	https://cdn.shopify.com/s/files/1/0688/1745/3281/files/minty-fish-shoal-silk-scarf-pocket-square-set_drape.png?v=1780234330,https://cdn.shopify.com/s/files/1/0688/1745/3281/files/22-5.jpg?v=1719833209,https://cdn.shopify.com/s/files/1/0688/1745/3281/files/22-1_5f57f7fc-2107-4c4d-bc89-6d9d3e782373.jpg?v=1719833209	in_stock	82.00 GBP	78.00 GBP	Threaditionz	new	Apparel & Accessories > Clothing Accessories > Scarves & Shawls	Pocket Square			no	
TH240027PS	Minty Fish Shoal Silk Pocket Square	The Minty Fish Shoal Silk Pocket Square from Threaditionz is a men's silk pocket square in mint-and-white silk scattered with a tiny gold fish-shoal motif - playful coastal charm. Ideal for summer events, smart-casual and daytime weddings — the mint pattern adds subtle character while staying refined enough for formal dress. Material: 100% Silk · Colour: Mint · Size: 12" x 12"	https://threaditionz.co.uk/product/minty-fish-shoal-silk-pocket-square	https://cdn.shopify.com/s/files/1/0688/1745/3281/files/22-1.jpg?v=1719833217	https://cdn.shopify.com/s/files/1/0688/1745/3281/files/22-2.jpg?v=1719833217,https://cdn.shopify.com/s/files/1/0688/1745/3281/files/22-3.jpg?v=1719833217,https://cdn.shopify.com/s/files/1/0688/1745/3281/files/22-4.jpg?v=1719833217	in_stock	17.00 GBP		Threaditionz	new	Apparel & Accessories > Clothing Accessories > Handkerchiefs	Pocket Square	TH240027PS			
the-tea-party-pink-silk-scarf-pocket-square-set	The Pink Tea Party Silk Scarf & Pocket Square Set	The Pink Tea Party Silk Scarf & Pocket Square Set from Threaditionz is a men's silk scarf & pocket square gift set in soft pink-lilac silk with small gold floret dots - garden-party charm. Ideal for spring/summer weddings, garden parties and daytime events — the pink pattern adds subtle character while staying refined enough for formal dress. Material: 100% Silk · Colour: Pink · Size: Scarf 8" x 56" + pocket square 12" x 12"	https://threaditionz.co.uk/product/the-tea-party-pink-silk-scarf-pocket-square-set	https://cdn.shopify.com/s/files/1/0688/1745/3281/files/the-tea-party-pink-silk-scarf-pocket-square-set_onbody.png?v=1780234338	https://cdn.shopify.com/s/files/1/0688/1745/3281/files/the-tea-party-pink-silk-scarf-pocket-square-set_drape.png?v=1780234344,https://cdn.shopify.com/s/files/1/0688/1745/3281/files/21-5.jpg?v=1719833225,https://cdn.shopify.com/s/files/1/0688/1745/3281/files/21-1_014b6271-b4a5-42b6-9a6d-d7cea8fbf321.jpg?v=1719833225	in_stock	82.00 GBP	78.00 GBP	Threaditionz	new	Apparel & Accessories > Clothing Accessories > Scarves & Shawls	Pocket Square			no	
TH240028PS	The Pink Tea Party Silk Pocket Square	The Pink Tea Party Silk Pocket Square from Threaditionz is a men's silk pocket square in soft pink-lilac silk with small gold floret dots - garden-party charm. Ideal for spring/summer weddings, garden parties and daytime events — the pink pattern adds subtle character while staying refined enough for formal dress. Material: 100% Silk · Colour: Pink · Size: 12" x 12"	https://threaditionz.co.uk/product/the-tea-party-pink-silk-pocket-square	https://cdn.shopify.com/s/files/1/0688/1745/3281/files/21-1.jpg?v=1719833236	https://cdn.shopify.com/s/files/1/0688/1745/3281/files/21-2.jpg?v=1719833236,https://cdn.shopify.com/s/files/1/0688/1745/3281/files/21-3.jpg?v=1719833236,https://cdn.shopify.com/s/files/1/0688/1745/3281/files/21-4.jpg?v=1719833236	in_stock	17.00 GBP		Threaditionz	new	Apparel & Accessories > Clothing Accessories > Handkerchiefs	Pocket Square	TH240028PS			
kaleidoscopic-geometric-fusion-silk-scarf-pocket-square-set	Kaleidoscopic Geometric Fusion Silk Scarf & Pocket Square Set	The Kaleidoscopic Geometric Fusion Silk Scarf & Pocket Square Set from Threaditionz is a men's silk scarf & pocket square gift set in cream silk with a fine multicolour kaleidoscopic geometric-floral micro-print - intricate and versatile. Ideal for weddings, smart-casual and daytime events — the cream multi pattern adds subtle character while staying refined enough for formal dress. Material: 100% Silk · Colour: Cream Multi · Size: Scarf 8" x 56" + pocket square 12" x 12"	https://threaditionz.co.uk/product/kaleidoscopic-geometric-fusion-silk-scarf-pocket-square-set	https://cdn.shopify.com/s/files/1/0688/1745/3281/files/kaleidoscopic-geometric-fusion-silk-scarf-pocket-square-set_onbody.png?v=1780234350	https://cdn.shopify.com/s/files/1/0688/1745/3281/files/kaleidoscopic-geometric-fusion-silk-scarf-pocket-square-set_drape.png?v=1780234355,https://cdn.shopify.com/s/files/1/0688/1745/3281/files/20-5.jpg?v=1719833245,https://cdn.shopify.com/s/files/1/0688/1745/3281/files/20-1_f7ab7b97-4eda-4955-820f-b824166d26e1.jpg?v=1719833245	in_stock	82.00 GBP	78.00 GBP	Threaditionz	new	Apparel & Accessories > Clothing Accessories > Scarves & Shawls	Pocket Square			no	
TH240029PS	Kaleidoscopic Geometric Fusion Silk Pocket Square	The Kaleidoscopic Geometric Fusion Silk Pocket Square from Threaditionz is a men's silk pocket square in cream silk with a fine multicolour kaleidoscopic geometric-floral micro-print - intricate and versatile. Ideal for weddings, smart-casual and daytime events — the cream multi pattern adds subtle character while staying refined enough for formal dress. Material: 100% Silk · Colour: Cream Multi · Size: 12" x 12"	https://threaditionz.co.uk/product/kaleidoscopic-geometric-fusion-silk-pocket-square	https://cdn.shopify.com/s/files/1/0688/1745/3281/files/20-1.jpg?v=1719833254	https://cdn.shopify.com/s/files/1/0688/1745/3281/files/20-2.jpg?v=1719833254,https://cdn.shopify.com/s/files/1/0688/1745/3281/files/20-4.jpg?v=1719833254,https://cdn.shopify.com/s/files/1/0688/1745/3281/files/20-3.jpg?v=1719833254	in_stock	17.00 GBP		Threaditionz	new	Apparel & Accessories > Clothing Accessories > Handkerchiefs	Pocket Square	TH240029PS			
wings-of-courage-air-force-scarf-pocket-square-set	Wings Of Courage Air Force Scarf & Pocket Square Set	The Wings Of Courage Air Force Scarf & Pocket Square Set from Threaditionz is a men's silk scarf & pocket square gift set in sage-grey silk with a tiny white aircraft-and-wing micro-print - characterful novelty. Ideal for smart-casual, daytime events and gifting — the sage green pattern adds subtle character while staying refined enough for formal dress. Material: 100% Silk · Colour: Sage Green · Size: Scarf 8" x 56" + pocket square 12" x 12"	https://threaditionz.co.uk/product/wings-of-courage-air-force-scarf-pocket-square-set	https://cdn.shopify.com/s/files/1/0688/1745/3281/files/wings-of-courage-air-force-scarf-pocket-square-set_onbody.png?v=1780234361	https://cdn.shopify.com/s/files/1/0688/1745/3281/files/wings-of-courage-air-force-scarf-pocket-square-set_drape.png?v=1780234367,https://cdn.shopify.com/s/files/1/0688/1745/3281/files/18-5.jpg?v=1719833263,https://cdn.shopify.com/s/files/1/0688/1745/3281/files/18-1_ddc3d7f8-da5e-43e8-ac83-0439436efc37.jpg?v=1719833263	in_stock	82.00 GBP	78.00 GBP	Threaditionz	new	Apparel & Accessories > Clothing Accessories > Scarves & Shawls	Pocket Square			no	
TH240030PS	Wings Of Courage Air Force Pocket Square	The Wings Of Courage Air Force Pocket Square from Threaditionz is a men's silk pocket square in sage-grey silk with a tiny white aircraft-and-wing micro-print - characterful novelty. Ideal for smart-casual, daytime events and gifting — the sage green pattern adds subtle character while staying refined enough for formal dress. Material: 100% Silk · Colour: Sage Green · Size: 12" x 12"	https://threaditionz.co.uk/product/wings-of-courage-air-force-pocket-square	https://cdn.shopify.com/s/files/1/0688/1745/3281/files/18-1.jpg?v=1719833273	https://cdn.shopify.com/s/files/1/0688/1745/3281/files/18-2.jpg?v=1719833273,https://cdn.shopify.com/s/files/1/0688/1745/3281/files/18-3.jpg?v=1719833273,https://cdn.shopify.com/s/files/1/0688/1745/3281/files/18-4.jpg?v=1719833273	in_stock	17.00 GBP		Threaditionz	new	Apparel & Accessories > Clothing Accessories > Handkerchiefs	Pocket Square	TH240030PS			
anchored-navy-pride-silk-scarf-pocket-square-set	Anchored Navy Pride Silk Scarf & Pocket Square Set	The Anchored Navy Pride Silk Scarf & Pocket Square Set from Threaditionz is a men's silk scarf & pocket square gift set in muted sage-olive silk scattered with a tiny ivory anchor-and-paisley foulard print - understated maritime heritage. Ideal for weddings, formal events and business wear — the sage green pattern adds subtle character while staying refined enough for formal dress. Material: 100% Silk · Colour: Sage Green · Size: Scarf 8" x 56" + pocket square 12" x 12"	https://threaditionz.co.uk/product/anchored-navy-pride-silk-scarf-pocket-square-set	https://cdn.shopify.com/s/files/1/0688/1745/3281/files/anchored-navy-pride-silk-scarf-pocket-square-set_onbody.png?v=1780234373	https://cdn.shopify.com/s/files/1/0688/1745/3281/files/anchored-navy-pride-silk-scarf-pocket-square-set_drape.png?v=1780234383,https://cdn.shopify.com/s/files/1/0688/1745/3281/files/17-5.jpg?v=1719833284,https://cdn.shopify.com/s/files/1/0688/1745/3281/files/17-1_985be1bb-c625-4c95-bdfe-426bf16e5d68.jpg?v=1719833284	in_stock	82.00 GBP	78.00 GBP	Threaditionz	new	Apparel & Accessories > Clothing Accessories > Scarves & Shawls	Pocket Square			no	
TH240031PS	Anchored Navy Pride Silk Pocket Square	The Anchored Navy Pride Silk Pocket Square from Threaditionz is a men's silk pocket square in muted sage-olive silk scattered with a tiny ivory anchor-and-paisley foulard print - understated maritime heritage. Ideal for weddings, formal events and business wear — the sage green pattern adds subtle character while staying refined enough for formal dress. Material: 100% Silk · Colour: Sage Green · Size: 12" x 12"	https://threaditionz.co.uk/product/anchored-navy-pride-silk-pocket-square	https://cdn.shopify.com/s/files/1/0688/1745/3281/files/17-1.jpg?v=1719833292	https://cdn.shopify.com/s/files/1/0688/1745/3281/files/17-2.jpg?v=1719833292,https://cdn.shopify.com/s/files/1/0688/1745/3281/files/17-3.jpg?v=1719833292,https://cdn.shopify.com/s/files/1/0688/1745/3281/files/17-4.jpg?v=1719833292	in_stock	17.00 GBP		Threaditionz	new	Apparel & Accessories > Clothing Accessories > Handkerchiefs	Pocket Square	TH240031PS			
navy-valour-anchor-silk-scarf-pocket-square-set	Navy Valour Anchor Silk Scarf & Pocket Square Set	The Navy Valour Anchor Silk Scarf & Pocket Square Set from Threaditionz is a men's silk scarf & pocket square gift set in navy silk with a tiny white anchor micro-print - smart maritime. Ideal for weddings, business wear and summer events — the navy pattern adds subtle character while staying refined enough for formal dress. Material: 100% Silk · Colour: Navy · Size: Scarf 8" x 56" + pocket square 12" x 12"	https://threaditionz.co.uk/product/navy-valour-anchor-silk-scarf-pocket-square-set	https://cdn.shopify.com/s/files/1/0688/1745/3281/files/navy-valour-anchor-silk-scarf-pocket-square-set_onbody.png?v=1780234389	https://cdn.shopify.com/s/files/1/0688/1745/3281/files/navy-valour-anchor-silk-scarf-pocket-square-set_drape.png?v=1780234391,https://cdn.shopify.com/s/files/1/0688/1745/3281/files/16-5.jpg?v=1719833301,https://cdn.shopify.com/s/files/1/0688/1745/3281/files/16-1_1_a8007203-5bb7-4836-95d9-49da8b89b938.jpg?v=1719833301	in_stock	82.00 GBP	78.00 GBP	Threaditionz	new	Apparel & Accessories > Clothing Accessories > Scarves & Shawls	Pocket Square			no	
TH240032PS	Navy Valour Anchor Silk Pocket Square	The Navy Valour Anchor Silk Pocket Square from Threaditionz is a men's silk pocket square in navy silk with a tiny white anchor micro-print - smart maritime. Ideal for weddings, business wear and summer events — the navy pattern adds subtle character while staying refined enough for formal dress. Material: 100% Silk · Colour: Navy · Size: 12" x 12"	https://threaditionz.co.uk/product/navy-valour-anchor-silk-pocket-square	https://cdn.shopify.com/s/files/1/0688/1745/3281/files/16-1_1.jpg?v=1719833309	https://cdn.shopify.com/s/files/1/0688/1745/3281/files/16-2.jpg?v=1719833309,https://cdn.shopify.com/s/files/1/0688/1745/3281/files/16-3.jpg?v=1719833309,https://cdn.shopify.com/s/files/1/0688/1745/3281/files/16-4.jpg?v=1719833309	in_stock	17.00 GBP		Threaditionz	new	Apparel & Accessories > Clothing Accessories > Handkerchiefs	Pocket Square	TH240032PS			
TH240008PS	Four In One Pastel Lilac Silk Pocket Square	The Four In One Pastel Lilac Silk Pocket Square from Threaditionz is a men's silk pocket square in a periwinkle-lilac silk split into four panels — paisley, polka dot, diagonal stripe and pin-dot - four looks in one. Ideal for weddings, daytime events and versatile everyday — the lilac pattern adds subtle character while staying refined enough for formal dress. Material: 100% Silk · Colour: Lilac · Size: 12" x 12"	https://threaditionz.co.uk/product/four-in-one-pastel-lilac-silk-pocket-square	https://cdn.shopify.com/s/files/1/0688/1745/3281/files/6-1_1.jpg?v=1719833319	https://cdn.shopify.com/s/files/1/0688/1745/3281/files/6-2.jpg?v=1719833319,https://cdn.shopify.com/s/files/1/0688/1745/3281/files/6-3.jpg?v=1719833319,https://cdn.shopify.com/s/files/1/0688/1745/3281/files/6-5.jpg?v=1719833319,https://cdn.shopify.com/s/files/1/0688/1745/3281/files/6-4.jpg?v=1719833319	in_stock	22.00 GBP		Threaditionz	new	Apparel & Accessories > Clothing Accessories > Handkerchiefs	Pocket Square	TH240008PS			
black-with-pink-polka-silk-scarf-pocket-square-set	Black With Pink Polka Silk Scarf & Pocket Square Set	The Black With Pink Polka Silk Scarf & Pocket Square Set from Threaditionz is a men's silk scarf & pocket square gift set in black silk covered in a neat pink-and-white pin-dot foulard - classic with a pop of colour. Ideal for weddings, formal events and evening wear — the black pattern adds subtle character while staying refined enough for formal dress. Material: 100% Silk · Colour: Black · Size: Scarf 8" x 56" + pocket square 12" x 12"	https://threaditionz.co.uk/product/black-with-pink-polka-silk-scarf-pocket-square-set	https://cdn.shopify.com/s/files/1/0688/1745/3281/files/black-with-pink-polka-silk-scarf-pocket-square-set_onbody.png?v=1780234398	https://cdn.shopify.com/s/files/1/0688/1745/3281/files/black-with-pink-polka-silk-scarf-pocket-square-set_drape.png?v=1780234404,https://cdn.shopify.com/s/files/1/0688/1745/3281/files/15-5.jpg?v=1719833333,https://cdn.shopify.com/s/files/1/0688/1745/3281/files/15-1_7a7dda3c-f5af-4f2c-8348-43d6daeaea82.jpg?v=1719833333	in_stock	82.00 GBP	78.00 GBP	Threaditionz	new	Apparel & Accessories > Clothing Accessories > Scarves & Shawls	Pocket Square			no	
TH240033PS	Black With Pink Polka Silk Pocket Square	The Black With Pink Polka Silk Pocket Square from Threaditionz is a men's silk pocket square in black silk covered in a neat pink-and-white pin-dot foulard - classic with a pop of colour. Ideal for weddings, formal events and evening wear — the black pattern adds subtle character while staying refined enough for formal dress. Material: 100% Silk · Colour: Black · Size: 12" x 12"	https://threaditionz.co.uk/product/black-with-pink-polka-silk-pocket-square	https://cdn.shopify.com/s/files/1/0688/1745/3281/files/15-1.jpg?v=1719833341	https://cdn.shopify.com/s/files/1/0688/1745/3281/files/15-2.jpg?v=1719833341,https://cdn.shopify.com/s/files/1/0688/1745/3281/files/15-3.jpg?v=1719833341,https://cdn.shopify.com/s/files/1/0688/1745/3281/files/15-4.jpg?v=1719833341	in_stock	17.00 GBP		Threaditionz	new	Apparel & Accessories > Clothing Accessories > Handkerchiefs	Pocket Square	TH240033PS			
black-with-white-polka-silk-scarf-pocket-square-set	Black With White Polka Silk Scarf & Pocket Square Set	The Black With White Polka Silk Scarf & Pocket Square Set from Threaditionz is a men's silk scarf & pocket square gift set in black silk with a fine white pin-dot print - timeless black-tie polish. Ideal for black-tie events, weddings and formal events — the black pattern adds subtle character while staying refined enough for formal dress. Material: 100% Silk · Colour: Black · Size: Scarf 8" x 56" + pocket square 12" x 12"	https://threaditionz.co.uk/product/black-with-white-polka-silk-scarf-pocket-square-set	https://cdn.shopify.com/s/files/1/0688/1745/3281/files/black-with-white-polka-silk-scarf-pocket-square-set_onbody.png?v=1780234411	https://cdn.shopify.com/s/files/1/0688/1745/3281/files/black-with-white-polka-silk-scarf-pocket-square-set_drape.png?v=1780234416,https://cdn.shopify.com/s/files/1/0688/1745/3281/files/14-5.jpg?v=1719833348,https://cdn.shopify.com/s/files/1/0688/1745/3281/files/14-1_15f534c1-c0a7-485e-af5b-12b24c55f934.jpg?v=1719833348	in_stock	82.00 GBP	78.00 GBP	Threaditionz	new	Apparel & Accessories > Clothing Accessories > Scarves & Shawls	Pocket Square			no	
TH240034PS	Black With White Polka Silk Pocket Square	The Black With White Polka Silk Pocket Square from Threaditionz is a men's silk pocket square in black silk with a fine white pin-dot print - timeless black-tie polish. Ideal for black-tie events, weddings and formal events — the black pattern adds subtle character while staying refined enough for formal dress. Material: 100% Silk · Colour: Black · Size: 12" x 12"	https://threaditionz.co.uk/product/black-with-white-polka-silk-pocket-square	https://cdn.shopify.com/s/files/1/0688/1745/3281/files/14-1.jpg?v=1719833356	https://cdn.shopify.com/s/files/1/0688/1745/3281/files/14-2.jpg?v=1719833356,https://cdn.shopify.com/s/files/1/0688/1745/3281/files/14-4.jpg?v=1719833356,https://cdn.shopify.com/s/files/1/0688/1745/3281/files/14-3.jpg?v=1719833356	in_stock	17.00 GBP		Threaditionz	new	Apparel & Accessories > Clothing Accessories > Handkerchiefs	Pocket Square	TH240034PS			
brown-indigo-silk-scarf-pocket-square-set	Brown Indigo Silk Scarf & Pocket Square Set	The Brown Indigo Silk Scarf & Pocket Square Set from Threaditionz is a men's silk scarf & pocket square gift set in black silk worked with a copper six-point star-medallion geometric - ornate and warm. Ideal for weddings, festive events and evening wear — the bold brown design works as a confident statement piece that lifts a plain suit. Material: 100% Silk · Colour: Brown · Size: Scarf 8" x 56" + pocket square 12" x 12"	https://threaditionz.co.uk/product/brown-indigo-silk-scarf-pocket-square-set	https://cdn.shopify.com/s/files/1/0688/1745/3281/files/brown-indigo-silk-scarf-pocket-square-set_onbody.png?v=1780234425	https://cdn.shopify.com/s/files/1/0688/1745/3281/files/brown-indigo-silk-scarf-pocket-square-set_drape.png?v=1780234429,https://cdn.shopify.com/s/files/1/0688/1745/3281/files/bi1.jpg?v=1719833366,https://cdn.shopify.com/s/files/1/0688/1745/3281/files/brownindigo_7aa9b61b-bf31-4e4e-b77a-fe412dc03d36.webp?v=1719833366	in_stock	82.00 GBP	78.00 GBP	Threaditionz	new	Apparel & Accessories > Clothing Accessories > Scarves & Shawls	Pocket Square			no	
spring-soul-silk-scarf-pocket-square-set	Spring Soul Silk Scarf & Pocket Square Set (Special Edition)	The Spring Soul Silk Scarf & Pocket Square Set (Special Edition) from Threaditionz is a men's silk scarf & pocket square gift set in ivory silk with a delicate multicolour ditsy floral - soft and romantic. Ideal for spring/summer weddings, garden parties and daytime events — the cream multi pattern adds subtle character while staying refined enough for formal dress. Material: 100% Silk · Colour: Cream Multi · Size: Scarf 8" x 56" + pocket square 12" x 12"	https://threaditionz.co.uk/product/spring-soul-silk-scarf-pocket-square-set	https://cdn.shopify.com/s/files/1/0688/1745/3281/files/spring-soul-silk-scarf-pocket-square-set_onbody.png?v=1780234434	https://cdn.shopify.com/s/files/1/0688/1745/3281/files/spring-soul-silk-scarf-pocket-square-set_drape.png?v=1780234440,https://cdn.shopify.com/s/files/1/0688/1745/3281/files/11-6.jpg?v=1719833374,https://cdn.shopify.com/s/files/1/0688/1745/3281/files/11-1_d8378580-9f13-499a-bec9-ef4fe0b14b83.jpg?v=1719833374	in_stock	87.00 GBP	78.00 GBP	Threaditionz	new	Apparel & Accessories > Clothing Accessories > Scarves & Shawls	Pocket Square			no	
w21-daisy-silk-scarf-pocket-square-set	W21- Daisy Silk Scarf & Pocket Square Set	The W21- Daisy Silk Scarf & Pocket Square Set from Threaditionz is a men's silk scarf & pocket square gift set in champagne silk with a small multicolour floral foulard - soft and smart. Ideal for weddings, daytime events and smart-casual — the champagne pattern adds subtle character while staying refined enough for formal dress. Material: 100% Silk · Colour: Champagne · Size: Scarf 8" x 56" + pocket square 12" x 12"	https://threaditionz.co.uk/product/w21-daisy-silk-scarf-pocket-square-set	https://cdn.shopify.com/s/files/1/0688/1745/3281/files/w21-daisy-silk-scarf-pocket-square-set_onbody.png?v=1780234450	https://cdn.shopify.com/s/files/1/0688/1745/3281/files/w21-daisy-silk-scarf-pocket-square-set_drape.png?v=1780234453,https://cdn.shopify.com/s/files/1/0688/1745/3281/files/d1.jpg?v=1719833389,https://cdn.shopify.com/s/files/1/0688/1745/3281/files/DAISY.webp?v=1719833389	in_stock	82.00 GBP	78.00 GBP	Threaditionz	new	Apparel & Accessories > Clothing Accessories > Scarves & Shawls	Pocket Square			no	
maroon-black-mystery-silk-scarf-pocket-square-set	Maroon & Black Mystery Silk Scarf & Pocket Square Set	The Maroon & Black Mystery Silk Scarf & Pocket Square Set from Threaditionz is a men's silk scarf & pocket square gift set in deep maroon silk with gold-and-black paisley damask medallions - opulent festive. Ideal for weddings, festive events and evening wear — the bold maroon design works as a confident statement piece that lifts a plain suit. Material: 100% Silk · Colour: Maroon · Size: Scarf 8" x 56" + pocket square 12" x 12"	https://threaditionz.co.uk/product/maroon-black-mystery-silk-scarf-pocket-square-set	https://cdn.shopify.com/s/files/1/0688/1745/3281/files/maroon-black-mystery-silk-scarf-pocket-square-set_onbody.png?v=1780234459	https://cdn.shopify.com/s/files/1/0688/1745/3281/files/maroon-black-mystery-silk-scarf-pocket-square-set_drape.png?v=1780234465,https://cdn.shopify.com/s/files/1/0688/1745/3281/files/mb1.jpg?v=1719833393,https://cdn.shopify.com/s/files/1/0688/1745/3281/files/mps1_1.webp?v=1719833393	in_stock	82.00 GBP	78.00 GBP	Threaditionz	new	Apparel & Accessories > Clothing Accessories > Scarves & Shawls	Pocket Square			no	
yellow-with-black-polka-silk-scarf-pocket-square	Yellow With Black Polka Silk Scarf & Pocket Square	The Yellow With Black Polka Silk Scarf & Pocket Square from Threaditionz is a men's silk scarf & pocket square gift set in bright yellow silk with fine black pin-dots - bold and cheerful. Ideal for smart-casual, parties and summer events — the bold yellow design works as a confident statement piece that lifts a plain suit. Material: 100% Silk · Colour: Yellow · Size: Scarf 8" x 56" + pocket square 12" x 12"	https://threaditionz.co.uk/product/yellow-with-black-polka-silk-scarf-pocket-square	https://cdn.shopify.com/s/files/1/0688/1745/3281/files/yellow-with-black-polka-silk-scarf-pocket-square_onbody.png?v=1780234474	https://cdn.shopify.com/s/files/1/0688/1745/3281/files/yellow-with-black-polka-silk-scarf-pocket-square_drape.png?v=1780234477,https://cdn.shopify.com/s/files/1/0688/1745/3281/files/12-6.jpg?v=1719833402,https://cdn.shopify.com/s/files/1/0688/1745/3281/files/12-1_0b4464b2-15a1-4630-b78f-d07c2897e608.jpg?v=1719833402	in_stock	82.00 GBP	78.00 GBP	Threaditionz	new	Apparel & Accessories > Clothing Accessories > Scarves & Shawls	Pocket Square			no	
TH240035PS	Yellow With Black Polka Silk Pocket Square	The Yellow With Black Polka Silk Pocket Square from Threaditionz is a men's silk pocket square in bright yellow silk with fine black pin-dots - bold and cheerful. Ideal for smart-casual, parties and summer events — the bold yellow design works as a confident statement piece that lifts a plain suit. Material: 100% Silk · Colour: Yellow · Size: 12" x 12"	https://threaditionz.co.uk/product/yellow-with-black-polka-silk-pocket-square	https://cdn.shopify.com/s/files/1/0688/1745/3281/files/12-1.jpg?v=1719833412	https://cdn.shopify.com/s/files/1/0688/1745/3281/files/12-2.jpg?v=1719833412,https://cdn.shopify.com/s/files/1/0688/1745/3281/files/12-3.jpg?v=1719833412,https://cdn.shopify.com/s/files/1/0688/1745/3281/files/12-4.jpg?v=1719833412	in_stock	17.00 GBP		Threaditionz	new	Apparel & Accessories > Clothing Accessories > Handkerchiefs	Pocket Square	TH240035PS			
purple-quadruple-polka-silk-pocket-square-scarf-set	Purple Quadruple Polka Purple Silk Scarf & Pocket Square	The Purple Quadruple Polka Purple Silk Scarf & Pocket Square from Threaditionz is a men's silk scarf & pocket square gift set in purple silk with a neat lilac four-dot cluster foulard - regal and refined. Ideal for weddings, formal events and evening wear — the purple pattern adds subtle character while staying refined enough for formal dress. Material: 100% Silk · Colour: Purple · Size: Scarf 8" x 56" + pocket square 12" x 12"	https://threaditionz.co.uk/product/purple-quadruple-polka-silk-pocket-square-scarf-set	https://cdn.shopify.com/s/files/1/0688/1745/3281/files/purple-quadruple-polka-silk-pocket-square-scarf-set_onbody.png?v=1780234484	https://cdn.shopify.com/s/files/1/0688/1745/3281/files/purple-quadruple-polka-silk-pocket-square-scarf-set_drape.png?v=1780234490,https://cdn.shopify.com/s/files/1/0688/1745/3281/files/13-5.jpg?v=1719833422,https://cdn.shopify.com/s/files/1/0688/1745/3281/files/13-1_d3c4c342-f137-44fe-854b-adfd2ef0a0dd.jpg?v=1719833422	in_stock	82.00 GBP	78.00 GBP	Threaditionz	new	Apparel & Accessories > Clothing Accessories > Scarves & Shawls	Pocket Square			no	
TH240036PS	Purple Quadruple Polka Silk Pocket Square	The Purple Quadruple Polka Silk Pocket Square from Threaditionz is a men's silk pocket square in purple silk with a neat lilac four-dot cluster foulard - regal and refined. Ideal for weddings, formal events and evening wear — the purple pattern adds subtle character while staying refined enough for formal dress. Material: 100% Silk · Colour: Purple · Size: 12" x 12"	https://threaditionz.co.uk/product/purple-quadruple-polka-silk-pocket-square	https://cdn.shopify.com/s/files/1/0688/1745/3281/files/13-1.jpg?v=1719833430	https://cdn.shopify.com/s/files/1/0688/1745/3281/files/13-2.jpg?v=1719833430,https://cdn.shopify.com/s/files/1/0688/1745/3281/files/13-3.jpg?v=1719833430,https://cdn.shopify.com/s/files/1/0688/1745/3281/files/13-4.jpg?v=1719833430	in_stock	17.00 GBP		Threaditionz	new	Apparel & Accessories > Clothing Accessories > Handkerchiefs	Pocket Square	TH240036PS			
double-dotted-maroon-silk-scarf-pocket-square-set	Double Dotted Maroon Silk Scarf & Pocket Square Set	The Double Dotted Maroon Silk Scarf & Pocket Square Set from Threaditionz is a men's silk scarf & pocket square gift set in rich maroon silk with a white double pin-dot foulard - classic warmth. Ideal for weddings, autumn events and business wear — the maroon pattern adds subtle character while staying refined enough for formal dress. Material: 100% Silk · Colour: Maroon · Size: Scarf 8" x 56" + pocket square 12" x 12"	https://threaditionz.co.uk/product/double-dotted-maroon-silk-scarf-pocket-square-set	https://cdn.shopify.com/s/files/1/0688/1745/3281/files/double-dotted-maroon-silk-scarf-pocket-square-set_onbody.png?v=1780234495	https://cdn.shopify.com/s/files/1/0688/1745/3281/files/double-dotted-maroon-silk-scarf-pocket-square-set_drape.png?v=1780234501,https://cdn.shopify.com/s/files/1/0688/1745/3281/files/10-6.jpg?v=1719833439,https://cdn.shopify.com/s/files/1/0688/1745/3281/files/10-1_ab398834-f3e8-410d-8abb-6e6146dbeddf.jpg?v=1719833439	in_stock	82.00 GBP	78.00 GBP	Threaditionz	new	Apparel & Accessories > Clothing Accessories > Scarves & Shawls	Pocket Square			no	
TH240037PS	Double Dotted Maroon Silk Pocket Square	The Double Dotted Maroon Silk Pocket Square from Threaditionz is a men's silk pocket square in rich maroon silk with a white double pin-dot foulard - classic warmth. Ideal for weddings, autumn events and business wear — the maroon pattern adds subtle character while staying refined enough for formal dress. Material: 100% Silk · Colour: Maroon · Size: 12" x 12"	https://threaditionz.co.uk/product/double-dotted-maroon-silk-pocket-square	https://cdn.shopify.com/s/files/1/0688/1745/3281/files/10-1.jpg?v=1719833447	https://cdn.shopify.com/s/files/1/0688/1745/3281/files/10-2.jpg?v=1719833447,https://cdn.shopify.com/s/files/1/0688/1745/3281/files/10-4.jpg?v=1719833447,https://cdn.shopify.com/s/files/1/0688/1745/3281/files/10-3.jpg?v=1719833447	in_stock	17.00 GBP		Threaditionz	new	Apparel & Accessories > Clothing Accessories > Handkerchiefs	Pocket Square	TH240037PS			
TH240038PS	The Dark Vintage Silk Pocket Square	The Dark Vintage Silk Pocket Square from Threaditionz is a men's silk pocket square in charcoal-black silk with a tonal paisley damask - understated formal depth. Ideal for black-tie events, weddings and evening wear — the charcoal pattern adds subtle character while staying refined enough for formal dress. Material: 100% Silk · Colour: Charcoal · Size: 12" x 12"	https://threaditionz.co.uk/product/the-dark-vintage-silk-pocket-square	https://cdn.shopify.com/s/files/1/0688/1745/3281/files/3-1.jpg?v=1719833454	https://cdn.shopify.com/s/files/1/0688/1745/3281/files/3-2.jpg?v=1719833454,https://cdn.shopify.com/s/files/1/0688/1745/3281/files/3-3.jpg?v=1719833454,https://cdn.shopify.com/s/files/1/0688/1745/3281/files/3-4.jpg?v=1719833454	in_stock	17.00 GBP		Threaditionz	new	Apparel & Accessories > Clothing Accessories > Handkerchiefs	Pocket Square	TH240038PS			
TH240009PS	The Military Camo Silk Pocket Square	The Military Camo Silk Pocket Square from Threaditionz is a men's silk pocket square in a green, brown and tan military camouflage print - rugged novelty. Ideal for casual wear, gifting and statement looks — the bold green camo design works as a confident statement piece that lifts a plain suit. Material: 100% Silk · Colour: Green Camo · Size: 12" x 12"	https://threaditionz.co.uk/product/the-military-camo-silk-pocket-square	https://cdn.shopify.com/s/files/1/0688/1745/3281/files/7-1.jpg?v=1719833463	https://cdn.shopify.com/s/files/1/0688/1745/3281/files/7-2.jpg?v=1719833463,https://cdn.shopify.com/s/files/1/0688/1745/3281/files/7-3.jpg?v=1719833463,https://cdn.shopify.com/s/files/1/0688/1745/3281/files/7-4.jpg?v=1719833463	in_stock	17.00 GBP		Threaditionz	new	Apparel & Accessories > Clothing Accessories > Handkerchiefs	Pocket Square	TH240009PS			
TH240010PS	Midnight Rose Silk Pocket Square	The Midnight Rose Silk Pocket Square from Threaditionz is a men's silk pocket square in black silk with white scrolling foliage and scattered red roses - dramatic floral. Ideal for weddings, evening wear and statement looks — the bold black design works as a confident statement piece that lifts a plain suit. Material: 100% Silk · Colour: Black · Size: 12" x 12"	https://threaditionz.co.uk/product/midnight-rose-silk-pocket-square	https://cdn.shopify.com/s/files/1/0688/1745/3281/files/5-1.jpg?v=1719833470	https://cdn.shopify.com/s/files/1/0688/1745/3281/files/5-2.jpg?v=1719833470,https://cdn.shopify.com/s/files/1/0688/1745/3281/files/5-3.jpg?v=1719833470,https://cdn.shopify.com/s/files/1/0688/1745/3281/files/5-4.jpg?v=1719833470	in_stock	22.00 GBP		Threaditionz	new	Apparel & Accessories > Clothing Accessories > Handkerchiefs	Pocket Square	TH240010PS			
the-starry-night-silk-pocket-square	The Starry Night Silk Pocket Square	The Starry Night Silk Pocket Square from Threaditionz is a men's silk pocket square in a fine-art print of a swirling blue starry-night sky (after Van Gogh) - artistic statement. Ideal for statement looks, gifting and evening wear — the bold navy & blue design works as a confident statement piece that lifts a plain suit. Material: 100% Silk · Colour: Navy & Blue · Size: 12" x 12"	https://threaditionz.co.uk/product/the-starry-night-silk-pocket-square	https://cdn.shopify.com/s/files/1/0688/1745/3281/files/1-1_1.jpg?v=1719833477	https://cdn.shopify.com/s/files/1/0688/1745/3281/files/1-2.jpg?v=1719833477,https://cdn.shopify.com/s/files/1/0688/1745/3281/files/1-3.jpg?v=1719833477,https://cdn.shopify.com/s/files/1/0688/1745/3281/files/1-4_1bf2de4b-e296-4ca6-9869-190108d9f778.jpg?v=1719833477	in_stock	22.00 GBP		Threaditionz	new	Apparel & Accessories > Clothing Accessories > Handkerchiefs	Pocket Square			no	
diamond-maze-silk-scarf-pocket-square-set	Diamond Maze Silk Scarf & Pocket Square Set	The Diamond Maze Silk Scarf & Pocket Square Set from Threaditionz is a men's silk scarf & pocket square gift set in navy silk layered with an ornate gold, teal and red geometric medallion maze - opulent and intricate. Ideal for weddings, festive events and statement looks — the bold navy & gold design works as a confident statement piece that lifts a plain suit. Material: 100% Silk · Colour: Navy & Gold · Size: Scarf 8" x 56" + pocket square 12" x 12"	https://threaditionz.co.uk/product/diamond-maze-silk-scarf-pocket-square-set	https://cdn.shopify.com/s/files/1/0688/1745/3281/files/diamond-maze-silk-scarf-pocket-square-set_onbody.png?v=1780234508	https://cdn.shopify.com/s/files/1/0688/1745/3281/files/diamond-maze-silk-scarf-pocket-square-set_drape.png?v=1780234514,https://cdn.shopify.com/s/files/1/0688/1745/3281/files/30-5.jpg?v=1719833485,https://cdn.shopify.com/s/files/1/0688/1745/3281/files/30-1_03bdd945-a551-495f-b714-94c17a24124a.jpg?v=1719833485	in_stock	82.00 GBP	78.00 GBP	Threaditionz	new	Apparel & Accessories > Clothing Accessories > Scarves & Shawls	Pocket Square			no	
TH240039PS	Diamond Maze Silk Pocket Square	The Diamond Maze Silk Pocket Square from Threaditionz is a men's silk pocket square in navy silk layered with an ornate gold, teal and red geometric medallion maze - opulent and intricate. Ideal for weddings, festive events and statement looks — the bold navy & gold design works as a confident statement piece that lifts a plain suit. Material: 100% Silk · Colour: Navy & Gold · Size: 12" x 12"	https://threaditionz.co.uk/product/diamond-maze-silk-pocket-square	https://cdn.shopify.com/s/files/1/0688/1745/3281/files/30-1.jpg?v=1719833493	https://cdn.shopify.com/s/files/1/0688/1745/3281/files/30-2.jpg?v=1719833493,https://cdn.shopify.com/s/files/1/0688/1745/3281/files/30-3.jpg?v=1719833493,https://cdn.shopify.com/s/files/1/0688/1745/3281/files/30-4.jpg?v=1719833493	in_stock	17.00 GBP		Threaditionz	new	Apparel & Accessories > Clothing Accessories > Handkerchiefs	Pocket Square	TH240039PS			
TH240040PS	Vintage Brown Silk Pocket Square	The Vintage Brown Silk Pocket Square from Threaditionz is a men's silk pocket square in brown silk with a tonal Art-Nouveau foliage damask - vintage warmth. Ideal for weddings, autumn events and business wear — the brown pattern adds subtle character while staying refined enough for formal dress. Material: 100% Silk · Colour: Brown · Size: 12" x 12"	https://threaditionz.co.uk/product/vintage-brown-silk-pocket-square	https://cdn.shopify.com/s/files/1/0688/1745/3281/files/25-1.jpg?v=1719833508	https://cdn.shopify.com/s/files/1/0688/1745/3281/files/25-2.jpg?v=1719833508,https://cdn.shopify.com/s/files/1/0688/1745/3281/files/25-3.jpg?v=1719833508,https://cdn.shopify.com/s/files/1/0688/1745/3281/files/25-4.jpg?v=1719833508	in_stock	17.00 GBP		Threaditionz	new	Apparel & Accessories > Clothing Accessories > Handkerchiefs	Pocket Square	TH240040PS			
TH240041PS	The Festive Pink Silk Pocket Square	The Festive Pink Silk Pocket Square from Threaditionz is a men's silk pocket square in a clean blush-pink silk with a subtle micro-texture - soft solid versatility. Ideal for weddings, spring events and daytime — its clean blush pink tone is easy to match and adds a polished finishing touch without competing with your outfit. Material: 100% Silk · Colour: Blush Pink · Size: 12" x 12"	https://threaditionz.co.uk/product/the-festive-pink-silk-pocket-square	https://cdn.shopify.com/s/files/1/0688/1745/3281/files/the-festive-pink-silk-pocket-square_onbody.png?v=1780240981	https://cdn.shopify.com/s/files/1/0688/1745/3281/files/the-festive-pink-silk-pocket-square_drape.png?v=1780240986,https://cdn.shopify.com/s/files/1/0688/1745/3281/files/19-1.jpg?v=1719833528,https://cdn.shopify.com/s/files/1/0688/1745/3281/files/19-2.jpg?v=1719833528,https://cdn.shopify.com/s/files/1/0688/1745/3281/files/19-3.jpg?v=1719833528,https://cdn.shopify.com/s/files/1/0688/1745/3281/files/19-4.jpg?v=1719833528	in_stock	17.00 GBP		Threaditionz	new	Apparel & Accessories > Clothing Accessories > Handkerchiefs	Pocket Square	TH240041PS			
TH240042PS	Houndstooth Silk Pocket Square	The Houndstooth Silk Pocket Square from Threaditionz is a men's silk pocket square in crisp black-and-white classic houndstooth - heritage tailoring. Ideal for business wear, smart-casual and autumn/winter — the bold black & white design works as a confident statement piece that lifts a plain suit. Material: 100% Silk · Colour: Black & White · Size: 12" x 12"	https://threaditionz.co.uk/product/houndstooth-silk-pocket-square	https://cdn.shopify.com/s/files/1/0688/1745/3281/files/houndstooth-silk-pocket-square_onbody.png?v=1780240969	https://cdn.shopify.com/s/files/1/0688/1745/3281/files/houndstooth-silk-pocket-square_drape.png?v=1780240975,https://cdn.shopify.com/s/files/1/0688/1745/3281/files/33-1.jpg?v=1719833543,https://cdn.shopify.com/s/files/1/0688/1745/3281/files/33-2.jpg?v=1719833543,https://cdn.shopify.com/s/files/1/0688/1745/3281/files/33-3.jpg?v=1719833543,https://cdn.shopify.com/s/files/1/0688/1745/3281/files/33-4.jpg?v=1719833543	in_stock	17.00 GBP		Threaditionz	new	Apparel & Accessories > Clothing Accessories > Handkerchiefs	Pocket Square	TH240042PS			
white-black-tartan-silk-scarf-pocket-square-set	White Black Tartan Silk Scarf & Pocket Square Set	The White Black Tartan Silk Scarf & Pocket Square Set from Threaditionz is a men's silk scarf & pocket square gift set in white-silver silk printed with a black Moroccan quatrefoil trellis lattice - crisp geometric. Ideal for weddings, formal events and summer looks — the white pattern adds subtle character while staying refined enough for formal dress. Material: 100% Silk · Colour: White · Size: Scarf 8" x 56" + pocket square 12" x 12"	https://threaditionz.co.uk/product/white-black-tartan-silk-scarf-pocket-square-set	https://cdn.shopify.com/s/files/1/0688/1745/3281/files/white-black-tartan-silk-scarf-pocket-square-set_onbody.png?v=1780234520	https://cdn.shopify.com/s/files/1/0688/1745/3281/files/white-black-tartan-silk-scarf-pocket-square-set_drape.png?v=1780234526,https://cdn.shopify.com/s/files/1/0688/1745/3281/files/29-5.jpg?v=1719833551,https://cdn.shopify.com/s/files/1/0688/1745/3281/files/29-1_cbce7709-d4b4-49cf-99d7-278aff9f32cd.jpg?v=1719833551,https://cdn.shopify.com/s/files/1/0688/1745/3281/files/29-7.jpg?v=1719833551	in_stock	82.00 GBP	78.00 GBP	Threaditionz	new	Apparel & Accessories > Clothing Accessories > Scarves & Shawls	Pocket Square			no	
TH240043PS	White Black Tartan Silk Pocket Square	The White Black Tartan Silk Pocket Square from Threaditionz is a men's silk pocket square in white-silver silk printed with a black Moroccan quatrefoil trellis lattice - crisp geometric. Ideal for weddings, formal events and summer looks — the white pattern adds subtle character while staying refined enough for formal dress. Material: 100% Silk · Colour: White · Size: 12" x 12"	https://threaditionz.co.uk/product/white-black-tartan-silk-pocket-square	https://cdn.shopify.com/s/files/1/0688/1745/3281/files/white-black-tartan-silk-pocket-square_onbody.png?v=1780240954	https://cdn.shopify.com/s/files/1/0688/1745/3281/files/white-black-tartan-silk-pocket-square_drape.png?v=1780240962,https://cdn.shopify.com/s/files/1/0688/1745/3281/files/29-1.jpg?v=1719833559,https://cdn.shopify.com/s/files/1/0688/1745/3281/files/29-2.jpg?v=1719833559,https://cdn.shopify.com/s/files/1/0688/1745/3281/files/29-3.jpg?v=1719833559,https://cdn.shopify.com/s/files/1/0688/1745/3281/files/29-4.jpg?v=1719833559	in_stock	17.00 GBP		Threaditionz	new	Apparel & Accessories > Clothing Accessories > Handkerchiefs	Pocket Square	TH240043PS			
blue-white-tartan-silk-pocket-square	Blue White Tartan Silk Pocket Square	The Blue White Tartan Silk Pocket Square from Threaditionz is a men's silk pocket square in navy-indigo silk printed with a white Moroccan quatrefoil trellis lattice - refined geometric. Ideal for weddings, business wear and formal events — the navy pattern adds subtle character while staying refined enough for formal dress. Material: 100% Silk · Colour: Navy · Size: 12" x 12"	https://threaditionz.co.uk/product/blue-white-tartan-silk-pocket-square	https://cdn.shopify.com/s/files/1/0688/1745/3281/files/blue-white-tartan-silk-pocket-square_onbody.png?v=1780240942	https://cdn.shopify.com/s/files/1/0688/1745/3281/files/blue-white-tartan-silk-pocket-square_drape.png?v=1780240948,https://cdn.shopify.com/s/files/1/0688/1745/3281/files/28-1.jpg?v=1719833574,https://cdn.shopify.com/s/files/1/0688/1745/3281/files/28-2.jpg?v=1719833574,https://cdn.shopify.com/s/files/1/0688/1745/3281/files/28-3.jpg?v=1719833574,https://cdn.shopify.com/s/files/1/0688/1745/3281/files/28-4.jpg?v=1719833574	in_stock	17.00 GBP		Threaditionz	new	Apparel & Accessories > Clothing Accessories > Handkerchiefs	Pocket Square			no	
TH240044PS	Maroon White Tartan Silk Pocket Square	The Maroon White Tartan Silk Pocket Square from Threaditionz is a men's silk pocket square in maroon silk printed with a white Moroccan quatrefoil trellis lattice - refined geometric. Ideal for weddings, business wear and formal events — the maroon pattern adds subtle character while staying refined enough for formal dress. Material: 100% Silk · Colour: Maroon · Size: 12" x 12"	https://threaditionz.co.uk/product/maroon-white-tartan-silk-pocket-square	https://cdn.shopify.com/s/files/1/0688/1745/3281/files/maroon-white-tartan-silk-pocket-square_onbody.png?v=1780240931	https://cdn.shopify.com/s/files/1/0688/1745/3281/files/maroon-white-tartan-silk-pocket-square_drape.png?v=1780240936,https://cdn.shopify.com/s/files/1/0688/1745/3281/files/27-1_9e5b5eb0-d888-4253-b70d-2c3329e8a788.jpg?v=1719833584,https://cdn.shopify.com/s/files/1/0688/1745/3281/files/27-2.jpg?v=1719833584,https://cdn.shopify.com/s/files/1/0688/1745/3281/files/27-3.jpg?v=1719833584,https://cdn.shopify.com/s/files/1/0688/1745/3281/files/27-4.jpg?v=1719833584	in_stock	17.00 GBP		Threaditionz	new	Apparel & Accessories > Clothing Accessories > Handkerchiefs	Pocket Square	TH240044PS			
maroon-white-tartan-silk-scarf-pocket-square-set	Maroon White Tartan Silk Scarf & Pocket Square Set	The Maroon White Tartan Silk Scarf & Pocket Square Set from Threaditionz is a men's silk scarf & pocket square gift set in maroon silk printed with a white Moroccan quatrefoil trellis lattice - refined geometric. Ideal for weddings, business wear and formal events — the maroon pattern adds subtle character while staying refined enough for formal dress. Material: 100% Silk · Colour: Maroon · Size: Scarf 8" x 56" + pocket square 12" x 12"	https://threaditionz.co.uk/product/maroon-white-tartan-silk-scarf-pocket-square-set	https://cdn.shopify.com/s/files/1/0688/1745/3281/files/maroon-white-tartan-silk-scarf-pocket-square-set_onbody.png?v=1780234532	https://cdn.shopify.com/s/files/1/0688/1745/3281/files/maroon-white-tartan-silk-scarf-pocket-square-set_drape.png?v=1780234539,https://cdn.shopify.com/s/files/1/0688/1745/3281/files/27-5.jpg?v=1719833588,https://cdn.shopify.com/s/files/1/0688/1745/3281/files/27-1.jpg?v=1719833588	in_stock	82.00 GBP	78.00 GBP	Threaditionz	new	Apparel & Accessories > Clothing Accessories > Scarves & Shawls	Pocket Square			no	
red-white-tartan-silk-scarf-pocket-square-set	Red White Tartan Silk Scarf & Pocket Square Set	The Red White Tartan Silk Scarf & Pocket Square Set from Threaditionz is a men's silk scarf & pocket square gift set in red silk printed with a white Moroccan quatrefoil trellis lattice - refined geometric. Ideal for weddings, festive events and formal looks — the red pattern adds subtle character while staying refined enough for formal dress. Material: 100% Silk · Colour: Red · Size: Scarf 8" x 56" + pocket square 12" x 12"	https://threaditionz.co.uk/product/red-white-tartan-silk-scarf-pocket-square-set	https://cdn.shopify.com/s/files/1/0688/1745/3281/files/red-white-tartan-silk-scarf-pocket-square-set_onbody.png?v=1780234544	https://cdn.shopify.com/s/files/1/0688/1745/3281/files/red-white-tartan-silk-scarf-pocket-square-set_drape.png?v=1780234550,https://cdn.shopify.com/s/files/1/0688/1745/3281/files/26-5.jpg?v=1719833596,https://cdn.shopify.com/s/files/1/0688/1745/3281/files/26-1_4d0eb387-5037-49a4-8fba-9a56a9c5a3e9.jpg?v=1719833596	in_stock	82.00 GBP	78.00 GBP	Threaditionz	new	Apparel & Accessories > Clothing Accessories > Scarves & Shawls	Pocket Square			no	
TH240045PS	Red White Tartan Silk Pocket Square	The Red White Tartan Silk Pocket Square from Threaditionz is a men's silk pocket square in red silk printed with a white Moroccan quatrefoil trellis lattice - refined geometric. Ideal for weddings, festive events and formal looks — the red pattern adds subtle character while staying refined enough for formal dress. Material: 100% Silk · Colour: Red · Size: 12" x 12"	https://threaditionz.co.uk/product/red-white-tartan-silk-pocket-square	https://cdn.shopify.com/s/files/1/0688/1745/3281/files/red-white-tartan-silk-pocket-square_onbody.png?v=1780240921	https://cdn.shopify.com/s/files/1/0688/1745/3281/files/red-white-tartan-silk-pocket-square_drape.png?v=1780240925,https://cdn.shopify.com/s/files/1/0688/1745/3281/files/26-1.jpg?v=1719833603,https://cdn.shopify.com/s/files/1/0688/1745/3281/files/26-2.jpg?v=1719833603,https://cdn.shopify.com/s/files/1/0688/1745/3281/files/26-3.jpg?v=1719833603,https://cdn.shopify.com/s/files/1/0688/1745/3281/files/26-4.jpg?v=1719833603	in_stock	17.00 GBP		Threaditionz	new	Apparel & Accessories > Clothing Accessories > Handkerchiefs	Pocket Square	TH240045PS			
jacquard-silk-cravat	Jacquard Silk Cravat	The Jacquard Silk Cravat from Threaditionz is a men's silk cravat in black and tan silk in a geometric jacquard diamond weave - textural and tailored. Ideal for business wear, weddings and formal events — the black & tan pattern adds subtle character while staying refined enough for formal dress. Material: 100% Silk · Colour: Black & Tan · Size: 6" x 48" (one size, self-tie)	https://threaditionz.co.uk/product/jacquard-silk-cravat	https://cdn.shopify.com/s/files/1/0688/1745/3281/files/jacquard-silk-cravat_onbody.png?v=1780234557	https://cdn.shopify.com/s/files/1/0688/1745/3281/files/jacquard-silk-cravat_drape.png?v=1780234563,https://cdn.shopify.com/s/files/1/0688/1745/3281/files/J3.jpg?v=1719833846,https://cdn.shopify.com/s/files/1/0688/1745/3281/files/JACQUARD.webp?v=1719833846	in_stock	49.00 GBP	42.90 GBP	Threaditionz	new	Apparel & Accessories > Clothing Accessories > Neckties	Cravat			no	
regimental-maroon-and-grey-silk-scarf-pocket-square-set	Regimental Maroon And Grey Silk Scarf & Pocket Square Set	The Regimental Maroon And Grey Silk Scarf & Pocket Square Set from Threaditionz is a men's silk scarf & pocket square gift set in maroon silk crossed with grey-and-white diagonal regimental stripes - classic club stripe. Ideal for business wear, weddings and formal events — the maroon & grey pattern adds subtle character while staying refined enough for formal dress. Material: 100% Silk · Colour: Maroon & Grey · Size: Scarf 8" x 56" + pocket square 12" x 12"	https://threaditionz.co.uk/product/regimental-maroon-and-grey-silk-scarf-pocket-square-set	https://cdn.shopify.com/s/files/1/0688/1745/3281/files/regimental-maroon-and-grey-silk-scarf-pocket-square-set_onbody.png?v=1780234569	https://cdn.shopify.com/s/files/1/0688/1745/3281/files/regimental-maroon-and-grey-silk-scarf-pocket-square-set_drape.png?v=1780234574,https://cdn.shopify.com/s/files/1/0688/1745/3281/files/ms8.jpg?v=1719833854,https://cdn.shopify.com/s/files/1/0688/1745/3281/files/ms1_9378b786-7f1b-4254-a0bb-f3d50fd91fc1.jpg?v=1719833854	in_stock	82.00 GBP	78.00 GBP	Threaditionz	new	Apparel & Accessories > Clothing Accessories > Scarves & Shawls	Pocket Square			no	
TH240046PS	Regimental Maroon And Grey Silk Pocket Square	The Regimental Maroon And Grey Silk Pocket Square from Threaditionz is a men's silk pocket square in maroon silk crossed with grey-and-white diagonal regimental stripes - classic club stripe. Ideal for business wear, weddings and formal events — the maroon & grey pattern adds subtle character while staying refined enough for formal dress. Material: 100% Silk · Colour: Maroon & Grey · Size: 12" x 12"	https://threaditionz.co.uk/product/regimental-maroon-and-grey-silk-pocket-square	https://cdn.shopify.com/s/files/1/0688/1745/3281/files/regimental-maroon-and-grey-silk-pocket-square_onbody.png?v=1780240909	https://cdn.shopify.com/s/files/1/0688/1745/3281/files/regimental-maroon-and-grey-silk-pocket-square_drape.png?v=1780240915,https://cdn.shopify.com/s/files/1/0688/1745/3281/files/ms1.jpg?v=1719833868,https://cdn.shopify.com/s/files/1/0688/1745/3281/files/ms2.jpg?v=1719833868,https://cdn.shopify.com/s/files/1/0688/1745/3281/files/ms7.jpg?v=1719833868,https://cdn.shopify.com/s/files/1/0688/1745/3281/files/ms6.jpg?v=1719833868,https://cdn.shopify.com/s/files/1/0688/1745/3281/files/ms5.jpg?v=1719833868,https://cdn.shopify.com/s/files/1/0688/1745/3281/files/ms4.jpg?v=1719833868,https://cdn.shopify.com/s/files/1/0688/1745/3281/files/ms3.jpg?v=1719833868	in_stock	17.00 GBP		Threaditionz	new	Apparel & Accessories > Clothing Accessories > Handkerchiefs	Pocket Square	TH240046PS			
w21-daisy-silk-cravat	W21-Daisy Silk Cravat	The W21-Daisy Silk Cravat from Threaditionz is a men's silk cravat in champagne silk with a small multicolour floral foulard - soft and smart. Ideal for weddings, daytime events and smart-casual — the champagne pattern adds subtle character while staying refined enough for formal dress. Material: 100% Silk · Colour: Champagne · Size: 6" x 48" (one size, self-tie)	https://threaditionz.co.uk/product/w21-daisy-silk-cravat	https://cdn.shopify.com/s/files/1/0688/1745/3281/files/w21-daisy-silk-cravat_onbody.png?v=1780234580	https://cdn.shopify.com/s/files/1/0688/1745/3281/files/w21-daisy-silk-cravat_drape.png?v=1780234586,https://cdn.shopify.com/s/files/1/0688/1745/3281/files/W21-3_1.jpg?v=1719833875,https://cdn.shopify.com/s/files/1/0688/1745/3281/files/G_3628d4a6-21a6-420d-b666-54677ec971c6.webp?v=1719833875	in_stock	49.00 GBP	42.90 GBP	Threaditionz	new	Apparel & Accessories > Clothing Accessories > Neckties	Cravat			no	
in-out-silk-cravat	In & Out Silk Cravat	The In & Out Silk Cravat from Threaditionz is a men's silk cravat in bronze and black silk with an interlocking geometric fretwork maze - modern architectural. Ideal for modern formal, evening wear and statement looks — the bold bronze & black design works as a confident statement piece that lifts a plain suit. Material: 100% Silk · Colour: Bronze & Black · Size: 6" x 48" (one size, self-tie)	https://threaditionz.co.uk/product/in-out-silk-cravat	https://cdn.shopify.com/s/files/1/0688/1745/3281/files/in-out-silk-cravat_onbody.png?v=1780234592	https://cdn.shopify.com/s/files/1/0688/1745/3281/files/in-out-silk-cravat_drape.png?v=1780234598,https://cdn.shopify.com/s/files/1/0688/1745/3281/files/6_3.jpg?v=1719833886,https://cdn.shopify.com/s/files/1/0688/1745/3281/files/A_9.webp?v=1719833886	in_stock	49.00 GBP	42.90 GBP	Threaditionz	new	Apparel & Accessories > Clothing Accessories > Neckties	Cravat			no	
brown-indigo-silk-cravat	Brown Indigo Silk Cravat	The Brown Indigo Silk Cravat from Threaditionz is a men's silk cravat in black silk worked with a copper six-point star-medallion geometric - ornate and warm. Ideal for weddings, festive events and evening wear — the bold brown design works as a confident statement piece that lifts a plain suit. Material: 100% Silk · Colour: Brown · Size: 6" x 48" (one size, self-tie)	https://threaditionz.co.uk/product/brown-indigo-silk-cravat	https://cdn.shopify.com/s/files/1/0688/1745/3281/files/brown-indigo-silk-cravat_onbody.png?v=1780234605	https://cdn.shopify.com/s/files/1/0688/1745/3281/files/brown-indigo-silk-cravat_drape.png?v=1780234612,https://cdn.shopify.com/s/files/1/0688/1745/3281/files/5_3.jpg?v=1719833894,https://cdn.shopify.com/s/files/1/0688/1745/3281/files/B1_4be52575-1a32-411d-bf06-cb974a5000b0.jpg?v=1719833894	in_stock	49.00 GBP	42.90 GBP	Threaditionz	new	Apparel & Accessories > Clothing Accessories > Neckties	Cravat			no	
TH240047PS	Brown Indigo Silk Pocket Square	The Brown Indigo Silk Pocket Square from Threaditionz is a men's silk pocket square in black silk worked with a copper six-point star-medallion geometric - ornate and warm. Ideal for weddings, festive events and evening wear — the bold brown design works as a confident statement piece that lifts a plain suit. Material: 100% Silk · Colour: Brown · Size: 12" x 12"	https://threaditionz.co.uk/product/brown-indigo-silk-pocket-square	https://cdn.shopify.com/s/files/1/0688/1745/3281/files/brown-indigo-silk-pocket-square_onbody.png?v=1780240899	https://cdn.shopify.com/s/files/1/0688/1745/3281/files/brown-indigo-silk-pocket-square_drape.png?v=1780240904,https://cdn.shopify.com/s/files/1/0688/1745/3281/files/B1.jpg?v=1719833911,https://cdn.shopify.com/s/files/1/0688/1745/3281/files/B2.jpg?v=1719833911,https://cdn.shopify.com/s/files/1/0688/1745/3281/files/B7.jpg?v=1719833911,https://cdn.shopify.com/s/files/1/0688/1745/3281/files/B6.jpg?v=1719833911,https://cdn.shopify.com/s/files/1/0688/1745/3281/files/B5.jpg?v=1719833911,https://cdn.shopify.com/s/files/1/0688/1745/3281/files/B4.jpg?v=1719833911,https://cdn.shopify.com/s/files/1/0688/1745/3281/files/B3.jpg?v=1719833911	in_stock	17.00 GBP		Threaditionz	new	Apparel & Accessories > Clothing Accessories > Handkerchiefs	Pocket Square	TH240047PS			
TH240048PS	Maroon & Black Mystery Silk Pocket Square	The Maroon & Black Mystery Silk Pocket Square from Threaditionz is a men's silk pocket square in deep maroon silk with gold-and-black paisley damask medallions - opulent festive. Ideal for weddings, festive events and evening wear — the bold maroon design works as a confident statement piece that lifts a plain suit. Material: 100% Silk · Colour: Maroon · Size: 12" x 12"	https://threaditionz.co.uk/product/maroon-black-mystery-silk-pocket-square	https://cdn.shopify.com/s/files/1/0688/1745/3281/files/maroon-black-mystery-silk-pocket-square_onbody.png?v=1780240891	https://cdn.shopify.com/s/files/1/0688/1745/3281/files/maroon-black-mystery-silk-pocket-square_drape.png?v=1780240894,https://cdn.shopify.com/s/files/1/0688/1745/3281/files/mps1.jpg?v=1719833928,https://cdn.shopify.com/s/files/1/0688/1745/3281/files/mps2.jpg?v=1719833928,https://cdn.shopify.com/s/files/1/0688/1745/3281/files/mps2.jpg4.jpg?v=1719833928,https://cdn.shopify.com/s/files/1/0688/1745/3281/files/mps3.jpg?v=1719833928,https://cdn.shopify.com/s/files/1/0688/1745/3281/files/mps3.jpg5.jpg?v=1719833928,https://cdn.shopify.com/s/files/1/0688/1745/3281/files/mps3.jpg6.jpg?v=1719833928,https://cdn.shopify.com/s/files/1/0688/1745/3281/files/mps3.jpg7.jpg?v=1719833928	in_stock	17.00 GBP		Threaditionz	new	Apparel & Accessories > Clothing Accessories > Handkerchiefs	Pocket Square	TH240048PS			
traditional-ajrak-silk-cravat-pocket-square-set-luxe-collection	Traditional Ajrak Silk Cravat & Pocket Square Set (Luxe Collection)	The Traditional Ajrak Silk Cravat & Pocket Square Set (Luxe Collection) from Threaditionz is a men's silk cravat & pocket square gift set in red, navy and white Ajrak block-print with geometric star medallions and teal accents - heritage Ajrak craft (luxe). Ideal for weddings, festive & cultural events and Eid — the bold red & navy design works as a confident statement piece that lifts a plain suit. Material: 100% Silk · Colour: Red & Navy · Size: Cravat 6" x 48" + pocket square 12" x 12"	https://threaditionz.co.uk/product/traditional-ajrak-silk-cravat-pocket-square-set-luxe-collection	https://cdn.shopify.com/s/files/1/0688/1745/3281/files/traditional-ajrak-silk-cravat-pocket-square-set-luxe-collection_onbody.png?v=1780234617	https://cdn.shopify.com/s/files/1/0688/1745/3281/files/traditional-ajrak-silk-cravat-pocket-square-set-luxe-collection_drape.png?v=1780234625,https://cdn.shopify.com/s/files/1/0688/1745/3281/files/CravatwithPS.jpg?v=1719834223,https://cdn.shopify.com/s/files/1/0688/1745/3281/files/PS1_872d1bcd-ac53-4cd0-8d63-3bc4590bfaab.jpg?v=1719834223	in_stock	74.00 GBP	52.90 GBP	Threaditionz	new	Apparel & Accessories > Clothing Accessories > Neckties	Pocket Square			no	
traditional-ajrak-silk-scarf-and-pocket-square-set-luxe-collection	Traditional Ajrak Silk Scarf And Pocket Square Set (Luxe Collection)	The Traditional Ajrak Silk Scarf And Pocket Square Set (Luxe Collection) from Threaditionz is a men's silk scarf & pocket square gift set in red, navy and white Ajrak block-print with geometric star medallions and teal accents - heritage Ajrak craft (luxe). Ideal for weddings, festive & cultural events and Eid — the bold red & navy design works as a confident statement piece that lifts a plain suit. Material: 100% Silk · Colour: Red & Navy · Size: Scarf 8" x 56" + pocket square 12" x 12"	https://threaditionz.co.uk/product/traditional-ajrak-silk-scarf-and-pocket-square-set-luxe-collection	https://cdn.shopify.com/s/files/1/0688/1745/3281/files/traditional-ajrak-silk-scarf-and-pocket-square-set-luxe-collection_onbody.png?v=1780234631	https://cdn.shopify.com/s/files/1/0688/1745/3281/files/traditional-ajrak-silk-scarf-and-pocket-square-set-luxe-collection_drape.png?v=1780234637,https://cdn.shopify.com/s/files/1/0688/1745/3281/files/ScarfandPSwithblazer.jpg?v=1719834230,https://cdn.shopify.com/s/files/1/0688/1745/3281/files/Scarf-Round-_01.jpg?v=1719834230,https://cdn.shopify.com/s/files/1/0688/1745/3281/files/PS1_f20b6fe9-686b-4c70-9a43-4e50c12260a3.jpg?v=1719834230	in_stock	87.00 GBP	78.00 GBP	Threaditionz	new	Apparel & Accessories > Clothing Accessories > Scarves & Shawls	Pocket Square			no	
TH240011PS	Traditional Ajrak Silk Pocket Square (Luxe Collection)	The Traditional Ajrak Silk Pocket Square (Luxe Collection) from Threaditionz is a men's silk pocket square in red, navy and white Ajrak block-print with geometric star medallions and teal accents - heritage Ajrak craft (luxe). Ideal for weddings, festive & cultural events and Eid — the bold red & navy design works as a confident statement piece that lifts a plain suit. Material: 100% Silk · Colour: Red & Navy · Size: 12" x 12"	https://threaditionz.co.uk/product/traditional-ajrak-silk-pocket-square-luxe-collection	https://cdn.shopify.com/s/files/1/0688/1745/3281/files/traditional-ajrak-silk-pocket-square-luxe-collection_onbody.png?v=1780240875	https://cdn.shopify.com/s/files/1/0688/1745/3281/files/traditional-ajrak-silk-pocket-square-luxe-collection_drape.png?v=1780240881,https://cdn.shopify.com/s/files/1/0688/1745/3281/files/PS1_98ef8fca-1b26-4926-b64c-e294ae90f0a5.jpg?v=1719834239,https://cdn.shopify.com/s/files/1/0688/1745/3281/files/PS2.jpg?v=1719834239,https://cdn.shopify.com/s/files/1/0688/1745/3281/files/PS3.jpg?v=1719834239,https://cdn.shopify.com/s/files/1/0688/1745/3281/files/PS4.jpg?v=1719834239	in_stock	22.00 GBP		Threaditionz	new	Apparel & Accessories > Clothing Accessories > Handkerchiefs	Pocket Square	TH240011PS			
w21-brf1-silk-scarf-pocket-square-set	W21-Brf1 Silk Scarf & Pocket Square Set	The W21-Brf1 Silk Scarf & Pocket Square Set from Threaditionz is a men's silk scarf & pocket square gift set in white silk with a bold navy-blue floral and red-centred blooms - statement botanical. Ideal for spring/summer weddings, daytime events and cocktail parties — the bold white & navy design works as a confident statement piece that lifts a plain suit. Material: 100% Silk · Colour: White & Navy · Size: Scarf 8" x 56" + pocket square 12" x 12"	https://threaditionz.co.uk/product/w21-brf1-silk-scarf-pocket-square-set	https://cdn.shopify.com/s/files/1/0688/1745/3281/files/w21-brf1-silk-scarf-pocket-square-set_onbody.png?v=1780234643	https://cdn.shopify.com/s/files/1/0688/1745/3281/files/w21-brf1-silk-scarf-pocket-square-set_drape.png?v=1780234649,https://cdn.shopify.com/s/files/1/0688/1745/3281/files/w21-brf1s_ps.png?v=1719834257,https://cdn.shopify.com/s/files/1/0688/1745/3281/files/brf.png?v=1719834257	in_stock	82.00 GBP	78.00 GBP	Threaditionz	new	Apparel & Accessories > Clothing Accessories > Scarves & Shawls	Pocket Square			no	
